{"type":"FeatureCollection","features":[{"type":"Feature","id":1069272697486,"geometry":{"type":"Points"},"properties":{"title":"club x Hidden Garden , Marcal, MELATO, Iman James","size":100,"icon":"marker-15","place":"Le Sucre","style":"Electro","detailedStyle":"(Musique Electronique)","time":1786658400000,"time_string":"undefined","description":"https://le-sucre.eu/events/club-x-hidden-garden/"}},{"type":"Feature","id":70370687385,"geometry":{"type":"Points"},"properties":{"title":"Live club , deBasement(live), Mastaï, TTristana","size":100,"icon":"marker-15","place":"Le Sucre","style":"Electro","detailedStyle":"(Musique Electronique)","time":1786744800000,"time_string":"undefined","description":"https://le-sucre.eu/events/club-51/"}},{"type":"Feature","id":1731492315323,"geometry":{"type":"Points"},"properties":{"title":"S.society , Maelita, Nicola Cruz","size":100,"icon":"marker-15","place":"Le Sucre","style":"Electro","detailedStyle":"Club","time":1786831200000,"time_string":"undefined","description":"https://le-sucre.eu/events/s-society-158/"}},{"type":"Feature","id":83364463708,"geometry":{"type":"Points"},"properties":{"title":"Magic Mardi, Reine Mayr, Fleur From Desire, Riccabona","size":100,"icon":"marker-15","place":"Le Sucre","style":"Magic Mardi","detailedStyle":"Magic Mardi","time":1787004000000,"time_string":"undefined","description":"https://le-sucre.eu/events/magic-mardi-90/"}},{"type":"Feature","id":1054764325100,"geometry":{"type":"Points"},"properties":{"title":"club x Physical Tool , Raphus, Shfoosja, Monty, Mescud b2b Nataskank (Physical Tool)","size":100,"icon":"marker-15","place":"Le Sucre","style":"Electro","detailedStyle":"(Musique Electronique)","time":1787263200000,"time_string":"undefined","description":"https://le-sucre.eu/events/club-x-physical-tool/"}},{"type":"Feature","id":151227311613,"geometry":{"type":"Points"},"properties":{"title":"Live club, Nana Benz Du Togo (live), Flore Benguigui, Maka","size":100,"icon":"marker-15","place":"Le Sucre","style":"Electro","detailedStyle":"(Musique Electronique)","time":1787349600000,"time_string":"undefined","description":"https://le-sucre.eu/events/club-60/"}},{"type":"Feature","id":310021745067,"geometry":{"type":"Points"},"properties":{"title":"S.society , Audrey Danza, Kasper Marott","size":100,"icon":"marker-15","place":"Le Sucre","style":"Electro","detailedStyle":"Club","time":1787436000000,"time_string":"undefined","description":"https://le-sucre.eu/events/s-society-159/"}},{"type":"Feature","id":1637037504632,"geometry":{"type":"Points"},"properties":{"title":"Magic Mardi, Istigkeit, Glaskeen, Isalys","size":100,"icon":"marker-15","place":"Le Sucre","style":"Electro","detailedStyle":"Club","time":1787608800000,"time_string":"undefined","description":"https://le-sucre.eu/events/magic-mardi-91/"}},{"type":"Feature","id":74154016789,"geometry":{"type":"Points"},"properties":{"title":"club x Stand with Lebanon, Lyss, jaad!, Halfpipe Records, Paloma Colombe, Klorofil, KasbaH","size":100,"icon":"marker-15","place":"Le Sucre","style":"Electro","detailedStyle":"(Musique Electronique)","time":1787868000000,"time_string":"undefined","description":"https://le-sucre.eu/events/club-x-stand-with-lebanon/"}},{"type":"Feature","id":159462966820,"geometry":{"type":"Points"},"properties":{"title":"Live club, Liya Tesfaye, Hysteria Temple Foundation (live), Zero Crossing Point (live), Kick21","size":100,"icon":"marker-15","place":"Le Sucre","style":"Electro","detailedStyle":"(Musique Electronique)","time":1787954400000,"time_string":"undefined","description":"https://le-sucre.eu/events/club-61/"}},{"type":"Feature","id":1376133565458,"geometry":{"type":"Points"},"properties":{"title":"S.society , The Hacker, Zaatar زَعْتَر","size":100,"icon":"marker-15","place":"Le Sucre","style":"Electro","detailedStyle":"Club","time":1788040800000,"time_string":"undefined","description":"https://le-sucre.eu/events/s-society-153/"}},{"type":"Feature","id":662728891692,"geometry":{"type":"Points"},"properties":{"title":"Magic Mardi, Beatrice M., Hyas","size":100,"icon":"marker-15","place":"Le Sucre","style":"Magic Mardi","detailedStyle":"Magic Mardi","time":1788213600000,"time_string":"undefined","description":"https://le-sucre.eu/events/magic-mardi-22-2/"}},{"type":"Feature","id":338614010837,"geometry":{"type":"Points"},"properties":{"title":"1 year of Silk , Julie Desire, MALVΛ, Djoude, Kandelissa, Naka","size":100,"icon":"marker-15","place":"Le Sucre","style":"Electro","detailedStyle":"Club","time":1788472800000,"time_string":"undefined","description":"https://le-sucre.eu/events/1-year-of-silk/"}},{"type":"Feature","id":568160331871,"geometry":{"type":"Points"},"properties":{"title":"club, Marina Trench, Olympe4000, IMA:R","size":100,"icon":"marker-15","place":"Le Sucre","style":"Electro","detailedStyle":"Club","time":1788559200000,"time_string":"undefined","description":"https://le-sucre.eu/events/club-millos-kaiser-marina-trench-l-mar/"}},{"type":"Feature","id":1318707245742,"geometry":{"type":"Points"},"properties":{"title":"S.society , Caravel, Carla Schmitt, Peaksou","size":100,"icon":"marker-15","place":"Le Sucre","style":"Electro","detailedStyle":"Club","time":1788645600000,"time_string":"undefined","description":"https://le-sucre.eu/events/s-society-caravel-peaksou-carla-schmitt/"}},{"type":"Feature","id":755993842905,"geometry":{"type":"Points"},"properties":{"title":"Magic Mardi, Saku Sahara, & more","size":100,"icon":"marker-15","place":"Le Sucre","style":"Magic Mardi","detailedStyle":"Magic Mardi","time":1788818400000,"time_string":"undefined","description":"https://le-sucre.eu/events/magic-mardi-23-2/"}},{"type":"Feature","id":402491937482,"geometry":{"type":"Points"},"properties":{"title":"Club x OSHUMARÉ, Oshumaré, DJ Pompompom, DJ L’yle, DJ Fantastik","size":100,"icon":"marker-15","place":"Le Sucre","style":"Electro","detailedStyle":"Club","time":1789077600000,"time_string":"undefined","description":"https://le-sucre.eu/events/stack-x-oshumare/"}},{"type":"Feature","id":1239806308371,"geometry":{"type":"Points"},"properties":{"title":"club X 20CONTR1, Von Bikräv, Dikke Baap, Vilain, Sofiasca","size":100,"icon":"marker-15","place":"Le Sucre","style":"Electro","detailedStyle":"Club","time":1789164000000,"time_string":"undefined","description":"https://le-sucre.eu/events/club-20contre1/"}},{"type":"Feature","id":1322870936432,"geometry":{"type":"Points"},"properties":{"title":"Magic Mardi, Schnautzi, & more","size":100,"icon":"marker-15","place":"Le Sucre","style":"Magic Mardi","detailedStyle":"Magic Mardi","time":1789423200000,"time_string":"undefined","description":"https://le-sucre.eu/events/magic-mardi-24-2/"}},{"type":"Feature","id":1746206800650,"geometry":{"type":"Points"},"properties":{"title":"club, Lolalita and Brennt (live), Noël Minitel, Saku Sahara","size":100,"icon":"marker-15","place":"Le Sucre","style":"Electro","detailedStyle":"Club","time":1789682400000,"time_string":"undefined","description":"https://le-sucre.eu/events/happycorp/"}},{"type":"Feature","id":1150275983016,"geometry":{"type":"Points"},"properties":{"title":"Le Sucre feat Reperkusound - Open air edition , Line-up soon !","size":100,"icon":"marker-15","place":"Le Sucre","style":"Electro","detailedStyle":"Club","time":1789768800000,"time_string":"undefined","description":"https://le-sucre.eu/events/le-sucre-feat-reperkusound-open-air-edition/"}},{"type":"Feature","id":1230383043046,"geometry":{"type":"Points"},"properties":{"title":"Club : Garçon Sauvage x Polaris records, Cormac, Jordan Nocturne, L’Homme Seul","size":100,"icon":"marker-15","place":"Le Sucre","style":"Electro","detailedStyle":"Club","time":1789768800000,"time_string":"undefined","description":"https://le-sucre.eu/events/club-garcon-sauvage-polaris-records/"}},{"type":"Feature","id":593970875113,"geometry":{"type":"Points"},"properties":{"title":"S.society , Dave Clarke, Yasmin Regisford, Maïa Neel","size":100,"icon":"marker-15","place":"Le Sucre","style":"Electro","detailedStyle":"Club","time":1789855200000,"time_string":"undefined","description":"https://le-sucre.eu/events/s-society-160/"}},{"type":"Feature","id":1042914571510,"geometry":{"type":"Points"},"properties":{"title":"Magic Mardi, Warum","size":100,"icon":"marker-15","place":"Le Sucre","style":"Magic Mardi","detailedStyle":"Magic Mardi","time":1790028000000,"time_string":"undefined","description":"https://le-sucre.eu/events/magic-mardi-25-2/"}},{"type":"Feature","id":1297058162504,"geometry":{"type":"Points"},"properties":{"title":"TBM - 8 years birthday, David Asko, ÆSTR, Hugo Prime, Boyca","size":100,"icon":"marker-15","place":"Le Sucre","style":"Electro","detailedStyle":"Club","time":1790287200000,"time_string":"undefined","description":"https://le-sucre.eu/events/club-tbm/"}},{"type":"Feature","id":1778531444490,"geometry":{"type":"Points"},"properties":{"title":"Le Sucre, 24 heures , Line-up soon !","size":100,"icon":"marker-15","place":"Le Sucre","style":"Electro","detailedStyle":"Club","time":1790373600000,"time_string":"undefined","description":"https://le-sucre.eu/events/le-sucre-24-heures-4/"}},{"type":"Feature","id":1247572017311,"geometry":{"type":"Points"},"properties":{"title":"Le Sucre, 24 heures , Line-up soon !","size":100,"icon":"marker-15","place":"Le Sucre","style":"Electro","detailedStyle":"Club","time":1790460000000,"time_string":"undefined","description":"https://le-sucre.eu/events/le-sucre-24-heures-3/"}},{"type":"Feature","id":242196834053,"geometry":{"type":"Points"},"properties":{"title":"Concert, Liv Del Estal","size":100,"icon":"marker-15","place":"Le Sucre","style":"Live","detailedStyle":"Concert","time":1791496800000,"time_string":"undefined","description":"https://le-sucre.eu/events/concert-5/"}},{"type":"Feature","id":402533105686,"geometry":{"type":"Points"},"properties":{"title":"Concert, Sofie Royer","size":100,"icon":"marker-15","place":"Le Sucre","style":"Live","detailedStyle":"Concert","time":1792360800000,"time_string":"undefined","description":"https://le-sucre.eu/events/concert-9/"}},{"type":"Feature","id":1457155831399,"geometry":{"type":"Points"},"properties":{"title":"Concert, ROMSII","size":100,"icon":"marker-15","place":"Le Sucre","style":"Live","detailedStyle":"Concert","time":1792706400000,"time_string":"undefined","description":"https://le-sucre.eu/events/concert-6/"}},{"type":"Feature","id":1386060544802,"geometry":{"type":"Points"},"properties":{"title":"Concert, ÈVE + ULYSSE","size":100,"icon":"marker-15","place":"Le Sucre","style":"Live","detailedStyle":"Concert","time":1792792800000,"time_string":"undefined","description":"https://le-sucre.eu/events/concert-13/"}},{"type":"Feature","id":1288325373525,"geometry":{"type":"Points"},"properties":{"title":"Plavace 5 ans : , 63OG, Yjick","size":100,"icon":"marker-15","place":"Le Sucre","style":"Live","detailedStyle":"Concert","time":1794006000000,"time_string":"undefined","description":"https://le-sucre.eu/events/concert-12/"}},{"type":"Feature","id":1610048113134,"geometry":{"type":"Points"},"properties":{"title":"High-Lo présente : , Bianca Costa","size":100,"icon":"marker-15","place":"Le Sucre","style":"Live","detailedStyle":"Concert","time":1794610800000,"time_string":"undefined","description":"https://le-sucre.eu/events/high-lo-presente-12/"}},{"type":"Feature","id":271680956599,"geometry":{"type":"Points"},"properties":{"title":"Concert, Spider Zed","size":100,"icon":"marker-15","place":"Le Sucre","style":"Live","detailedStyle":"Concert","time":1795129200000,"time_string":"undefined","description":"https://le-sucre.eu/events/concert-4/"}},{"type":"Feature","id":767375007616,"geometry":{"type":"Points"},"properties":{"title":"Concert, Ajna","size":100,"icon":"marker-15","place":"Le Sucre","style":"Live","detailedStyle":"Concert","time":1795215600000,"time_string":"undefined","description":"https://le-sucre.eu/events/concert-8/"}},{"type":"Feature","id":734560223649,"geometry":{"type":"Points"},"properties":{"title":"Concert, Bamby","size":100,"icon":"marker-15","place":"Le Sucre","style":"Live","detailedStyle":"Concert","time":1795215600000,"time_string":"undefined","description":"https://le-sucre.eu/events/concert-7/"}},{"type":"Feature","id":1112617539503,"geometry":{"type":"Points"},"properties":{"title":"Concert, Lisa Pariente","size":100,"icon":"marker-15","place":"Le Sucre","style":"Live","detailedStyle":"Concert","time":1795734000000,"time_string":"undefined","description":"https://le-sucre.eu/events/concert-10/"}},{"type":"Feature","id":171753974327,"geometry":{"type":"Points"},"properties":{"title":"SUBLIME CLUB , Line-up soon !","size":100,"icon":"marker-15","place":"Le Sucre","style":"Electro","detailedStyle":"Club","time":1796338800000,"time_string":"undefined","description":"https://le-sucre.eu/events/sublime-club/"}},{"type":"Feature","id":1373194284335,"geometry":{"type":"Points"},"properties":{"title":"club, Panteros666","size":100,"icon":"marker-15","place":"Le Sucre","style":"Electro","detailedStyle":"Club","time":1797634800000,"time_string":"undefined","description":"https://le-sucre.eu/events/club-53/"}},{"type":"Feature","id":741830651396,"geometry":{"type":"Points"},"properties":{"title":"club, Bellaire","size":100,"icon":"marker-15","place":"Le Sucre","style":"Electro","detailedStyle":"Club","time":1800054000000,"time_string":"undefined","description":"https://le-sucre.eu/events/club-62/"}},{"type":"Feature","id":901088251108,"geometry":{"type":"Points"},"properties":{"title":"Concert, Lewis OfMan","size":100,"icon":"marker-15","place":"Le Sucre","style":"Live","detailedStyle":"Concert","time":1802991600000,"time_string":"undefined","description":"https://le-sucre.eu/events/concert-11/"}},{"type":"Feature","id":454757512298,"geometry":{"type":"Points"},"properties":{"title":"THIS IS TECHNO RAVE : CHAST / LÖRR B2B DSPRNC","size":100,"icon":"marker-15","place":"Le Petit Salon","style":"Electro","detailedStyle":"TECHNO • HARD TECHNO","time":1786658400000,"time_string":"undefined","description":"https://yp.events/5e7adf26-8c64-4a44-bf14-6a02cda1d5ac/THIS-IS-TECHNO-Rave-CHAST-Loerr-B2-B-Dsprnc?from=siteweb"}},{"type":"Feature","id":1072477953989,"geometry":{"type":"Points"},"properties":{"title":"THIS IS HOUSE : DJ ATLANCE / OWENRUGA","size":100,"icon":"marker-15","place":"Le Petit Salon","style":"Electro","detailedStyle":"HOUSE • TECH HOUSE","time":1786744800000,"time_string":"undefined","description":"https://yp.events/6f179598-9c55-4365-b433-84e3a519bb24/THIS-IS-HOUSE-DJ-Atlance-owenruga?from=siteweb"}},{"type":"Feature","id":761092822454,"geometry":{"type":"Points"},"properties":{"title":"CHAST / HAZER / LOS MUÑAÑOS / MARQUISE / NEØKHIN & MORE","size":100,"icon":"marker-15","place":"Le Petit Salon","style":"Electro","detailedStyle":"TECHNO • HARD BOUNCE • HARD TECHNO","time":1787263200000,"time_string":"undefined","description":"https://yp.events/d27d6273-b222-4c04-a5de-530ad8a46466/CHAST-HAZER-Los-Munanos-Marquise-NEOKHIN?from=siteweb"}},{"type":"Feature","id":890042947740,"geometry":{"type":"Points"},"properties":{"title":"THIS IS DISCO : VYKTOR NOVA","size":100,"icon":"marker-15","place":"Le Petit Salon","style":"Electro","detailedStyle":"DISCO • 80s • 90s • DANCE","time":1787349600000,"time_string":"undefined","description":"https://yp.events/1e5b654c-fd80-4bdb-8874-b4dbdcfe37fd/THIS-IS-DISCO-Vyktor-Nova?from=siteweb"}},{"type":"Feature","id":1165528444807,"geometry":{"type":"Points"},"properties":{"title":"THIS IS TECHNO RAVE : ZELVA / 666_ØTBPM & MORE","size":100,"icon":"marker-15","place":"Le Petit Salon","style":"Electro","detailedStyle":"TECHNO • HARD TECHNO • TRANCE • HARD BOUNCE","time":1787868000000,"time_string":"undefined","description":"https://yp.events/3c9c0154-6798-4a23-9818-8328b945523d/THIS-IS-TECHNO-Rave-Zelva-666-OTBPM-more?from=siteweb"}},{"type":"Feature","id":1015783376382,"geometry":{"type":"Points"},"properties":{"title":"MIA MENDI / KATZE / KONGA & MORE","size":100,"icon":"marker-15","place":"Le Petit Salon","style":"Electro","detailedStyle":"TECHNO • MELODIC TECHNO • TECH HOUSE • MELODIC HOUSE","time":1787954400000,"time_string":"undefined","description":"https://yp.events/2cad21e4-99a8-48eb-94b3-a3e8d212f0ad/Mia-Mendi-Katze-Konga-more?from=siteweb"}},{"type":"Feature","id":1447284504979,"geometry":{"type":"Points"},"properties":{"title":"MISS BASHFUL / DJ GUESTLIST / LÖRR B2B DSPRNC / DJ SEXTASY & MORE","size":100,"icon":"marker-15","place":"Le Petit Salon","style":"Electro","detailedStyle":"TECHNO • HARD TECHNO • ELECTRONIC","time":1788472800000,"time_string":"undefined","description":"https://yp.events/11dfacb7-6518-4b28-8602-e4360c5ee023/Miss-Bashful-DJ-GUESTLIST-DJ-SEXSTASY-Loerr-B2-B-Dsprnc-more?from=siteweb"}},{"type":"Feature","id":389673262338,"geometry":{"type":"Points"},"properties":{"title":"THIS IS TECHNO RAVE : ISTIGKEIT / DAVE ALYAN & MORE","size":100,"icon":"marker-15","place":"Le Petit Salon","style":"Jazz","detailedStyle":"TECHNO • HARD TECHNO • HARD GROOVE","time":1788559200000,"time_string":"undefined","description":"https://yp.events/b29b063e-9e13-4339-ba64-6afd18936f81/THIS-IS-TECHNO-Rave-Istigkeit-Dave-Alyan-more?from=siteweb"}},{"type":"Feature","id":1469870891120,"geometry":{"type":"Points"},"properties":{"title":"EDER / ENFAN / HYSTA / MOSMOZ / YOUR POISON & MORE","size":100,"icon":"marker-15","place":"Le Petit Salon","style":"Electro","detailedStyle":"TECHNO • HARD TECHNO • HARDCORE • HARDSTYLE","time":1789164000000,"time_string":"undefined","description":"https://yp.events/4088f80b-17f7-4a52-9e24-5e9d08b69106/Hysta-enfan-Mosmoz-YOUR-POISON-Eder-more?from=siteweb"}},{"type":"Feature","id":1704985603393,"geometry":{"type":"Points"},"properties":{"title":"CREEDS INVITES DJ SCHNAKE / EVY JOY / JULIAN WILD / JKLL & MORE","size":100,"icon":"marker-15","place":"Le Petit Salon","style":"Electro","detailedStyle":"TECHNO • HARD TECHNO","time":1790892000000,"time_string":"undefined","description":"https://yp.events/05a310e8-1218-487a-b0ab-ecc4adfc0adb/Creeds-invites-DJ-Schnake-Julian-Wild-JKLL-more?from=siteweb"}},{"type":"Feature","id":990293684365,"geometry":{"type":"Points"},"properties":{"title":"LEBLANC / D.J.S & MORE","size":100,"icon":"marker-15","place":"Le Petit Salon","style":"Electro","detailedStyle":"TECHNO • MELODIC TECHNO • MELODIC HOUSE","time":1791583200000,"time_string":"undefined","description":"https://yp.events/268ce348-7ebc-426f-8314-a94546a1c14a/Leblanc-D-J-S-Soons-more?from=siteweb"}},{"type":"Feature","id":1599591580430,"geometry":{"type":"Points"},"properties":{"title":"EZ! #95 : HABSTRAKT + ASDEK ...","size":100,"icon":"marker-15","place":"Transbordeur","style":"Electro","detailedStyle":"DUBSTEP / BASS HOUSE / DRUM'N'BASS","time":1788019200000,"time_string":"undefined","description":"https://www.transbordeur.fr/evenement/habstrakt-asdek-mara-emilaki-29082026/"}},{"type":"Feature","id":1692901912723,"geometry":{"type":"Points"},"properties":{"title":"ADIDAS X OL & OL LYONNES :","size":100,"icon":"marker-15","place":"Transbordeur","style":"Rock","detailedStyle":"FUNK / BALLON ROND","time":1788451200000,"time_string":"undefined","description":"https://www.transbordeur.fr/evenement/39925/"}},{"type":"Feature","id":852669468966,"geometry":{"type":"Points"},"properties":{"title":"HIDDEN GARDEN OPEN-AIR : DANNY WABBIT + ROULITA ...","size":100,"icon":"marker-15","place":"Transbordeur","style":"Live","detailedStyle":"","time":1788624000000,"time_string":"undefined","description":"https://www.transbordeur.fr/evenement/danny-wabbit-roulita-kauzie-cocox-05092026/"}},{"type":"Feature","id":1361805131887,"geometry":{"type":"Points"},"properties":{"title":"MARIE SARAH","size":100,"icon":"marker-15","place":"Transbordeur","style":"Rock","detailedStyle":"SOUL","time":1789146000000,"time_string":"undefined","description":"https://www.transbordeur.fr/evenement/marie-sarah-11092026/"}},{"type":"Feature","id":1727701602849,"geometry":{"type":"Points"},"properties":{"title":"AFRO FUTURISM OPEN-AIR : SATINE + DJ POMPOMPOM ...","size":100,"icon":"marker-15","place":"Transbordeur","style":"Electro","detailedStyle":"ELECTRO AFRO CARIBEEN","time":1789228800000,"time_string":"undefined","description":"https://www.transbordeur.fr/evenement/satine-dj-pompompom-baddest-nzola-la-fee-see-dj-lyle-dj-fantastik-12092026/"}},{"type":"Feature","id":1469089977846,"geometry":{"type":"Points"},"properties":{"title":"LA COLONIE DE VACANCES + REBECCA BONTE","size":100,"icon":"marker-15","place":"Transbordeur","style":"NOISE QUADRIPHONIQUE","detailedStyle":"NOISE QUADRIPHONIQUE","time":1789664400000,"time_string":"undefined","description":"https://www.transbordeur.fr/evenement/la-colonie-de-vacances-rebecca-bonte-17092026/"}},{"type":"Feature","id":1321124835082,"geometry":{"type":"Points"},"properties":{"title":"2SIK! OPEN-AIR : ROTATIONAL + OHJEELO ...","size":100,"icon":"marker-15","place":"Transbordeur","style":"Rock","detailedStyle":"BAILE FUNK","time":1789833600000,"time_string":"undefined","description":"https://www.transbordeur.fr/evenement/rotational-ohjeelo-2sik-djs-19092026/"}},{"type":"Feature","id":590108188371,"geometry":{"type":"Points"},"properties":{"title":"ASGEIR","size":100,"icon":"marker-15","place":"Transbordeur","style":"Chanson","detailedStyle":"FOLK","time":1789923600000,"time_string":"undefined","description":"https://www.transbordeur.fr/evenement/asgeir-20092026/"}},{"type":"Feature","id":941806369343,"geometry":{"type":"Points"},"properties":{"title":"ONLY THE POETS","size":100,"icon":"marker-15","place":"Transbordeur","style":"Rock","detailedStyle":"POP ROCK","time":1790096400000,"time_string":"undefined","description":"https://www.transbordeur.fr/evenement/only-the-poets-22092026/"}},{"type":"Feature","id":1588574648877,"geometry":{"type":"Points"},"properties":{"title":"CLUB PUNK OPEN-AIR : AFAR + CANINE CRACKS ...","size":100,"icon":"marker-15","place":"Transbordeur","style":"Rock","detailedStyle":"POST PUNK / SYNTH WAVE","time":1790269200000,"time_string":"undefined","description":"https://www.transbordeur.fr/evenement/afar-canine-cracks-2016-24092026/"}},{"type":"Feature","id":424561691840,"geometry":{"type":"Points"},"properties":{"title":"BLAZING WOMEN OPEN-AIR : ANIMAL NOCTURNE + ENIRAM ...","size":100,"icon":"marker-15","place":"Transbordeur","style":"Electro","detailedStyle":"TECHNO / HARDBOUNCE / ACID","time":1790438400000,"time_string":"undefined","description":"https://www.transbordeur.fr/evenement/animal-nocturne-eniram-sibel-s-sofiasca-26092026/"}},{"type":"Feature","id":193277515176,"geometry":{"type":"Points"},"properties":{"title":"23:59 : LESSSS","size":100,"icon":"marker-15","place":"Transbordeur","style":"Electro","detailedStyle":"HARD TECHNO / SCHRANZ","time":1790458200000,"time_string":"undefined","description":"https://www.transbordeur.fr/evenement/lessss-26092026/"}},{"type":"Feature","id":1611326065819,"geometry":{"type":"Points"},"properties":{"title":"MERYL","size":100,"icon":"marker-15","place":"Transbordeur","style":"Rap","detailedStyle":"RAP / TRAP","time":1790874000000,"time_string":"undefined","description":"https://www.transbordeur.fr/evenement/meryl-01102026/"}},{"type":"Feature","id":1362782097669,"geometry":{"type":"Points"},"properties":{"title":"MIOSSEC","size":100,"icon":"marker-15","place":"Transbordeur","style":"Rock","detailedStyle":"ROCK","time":1790960400000,"time_string":"undefined","description":"https://www.transbordeur.fr/evenement/miossec-02102026/"}},{"type":"Feature","id":1032410575059,"geometry":{"type":"Points"},"properties":{"title":"DUB ECHO #54 : JAH TUBBY'S + DIXIE PEACH ...","size":100,"icon":"marker-15","place":"Transbordeur","style":"Electro","detailedStyle":"ORIGINAL DUB CULTURE","time":1791063000000,"time_string":"undefined","description":"https://www.transbordeur.fr/evenement/jah-tubbys-dixie-peach-wandem-sound-system-the-hornsmen-section-jcao-davojah-jael-03102026/"}},{"type":"Feature","id":1660487946074,"geometry":{"type":"Points"},"properties":{"title":"GUY2BEZBAR","size":100,"icon":"marker-15","place":"Transbordeur","style":"Rap","detailedStyle":"RAP","time":1791565200000,"time_string":"undefined","description":"https://www.transbordeur.fr/evenement/guy2bezbar-09102026/"}},{"type":"Feature","id":1017482671319,"geometry":{"type":"Points"},"properties":{"title":"APPARAT","size":100,"icon":"marker-15","place":"Transbordeur","style":"Electro","detailedStyle":"POP ELECTRONICA","time":1791651600000,"time_string":"undefined","description":"https://www.transbordeur.fr/evenement/apparat-10102026/"}},{"type":"Feature","id":1592861734132,"geometry":{"type":"Points"},"properties":{"title":"FOLAMOUR","size":100,"icon":"marker-15","place":"Transbordeur","style":"Electro","detailedStyle":"ELECTRO / HOUSE / FUNK","time":1791730800000,"time_string":"undefined","description":"https://www.transbordeur.fr/evenement/folamour-11102026/"}},{"type":"Feature","id":1642869487580,"geometry":{"type":"Points"},"properties":{"title":"DJ KRUSH","size":100,"icon":"marker-15","place":"Transbordeur","style":"Rap","detailedStyle":"ABSTRACT HIP HOP","time":1791910800000,"time_string":"undefined","description":"https://www.transbordeur.fr/evenement/dj-krush-13102026/"}},{"type":"Feature","id":573543306365,"geometry":{"type":"Points"},"properties":{"title":"FREDZ","size":100,"icon":"marker-15","place":"Transbordeur","style":"Chanson","detailedStyle":"RAP / CHANSON","time":1791997200000,"time_string":"undefined","description":"https://www.transbordeur.fr/evenement/fredz-14102026/"}},{"type":"Feature","id":1136837217408,"geometry":{"type":"Points"},"properties":{"title":"SETH GUEKO","size":100,"icon":"marker-15","place":"Transbordeur","style":"Rap","detailedStyle":"RAP","time":1792256400000,"time_string":"undefined","description":"https://www.transbordeur.fr/evenement/seth-gueko-17102026/"}},{"type":"Feature","id":1401735947091,"geometry":{"type":"Points"},"properties":{"title":"TIF","size":100,"icon":"marker-15","place":"Transbordeur","style":"Rap","detailedStyle":"RAP","time":1792342800000,"time_string":"undefined","description":"https://www.transbordeur.fr/evenement/tif-18102026/"}},{"type":"Feature","id":99573875780,"geometry":{"type":"Points"},"properties":{"title":"GHINZU","size":100,"icon":"marker-15","place":"Transbordeur","style":"Rock","detailedStyle":"INDIE ROCK","time":1792427400000,"time_string":"undefined","description":"https://www.transbordeur.fr/evenement/ghinzu-19102026/"}},{"type":"Feature","id":24491401373,"geometry":{"type":"Points"},"properties":{"title":"ZED YUN PAVAROTTI","size":100,"icon":"marker-15","place":"Transbordeur","style":"ALTERNATIVE INDIE","detailedStyle":"ALTERNATIVE INDIE","time":1792515600000,"time_string":"undefined","description":"https://www.transbordeur.fr/evenement/zed-yun-pavarotti-20102026/"}},{"type":"Feature","id":1500804910362,"geometry":{"type":"Points"},"properties":{"title":"THE CELTIC SOCIAL CLUB","size":100,"icon":"marker-15","place":"Transbordeur","style":"Chanson","detailedStyle":"ROCK / FOLK","time":1792602000000,"time_string":"undefined","description":"https://www.transbordeur.fr/evenement/the-celtic-social-club-21102026/"}},{"type":"Feature","id":752356480276,"geometry":{"type":"Points"},"properties":{"title":"A6EL","size":100,"icon":"marker-15","place":"Transbordeur","style":"Rap","detailedStyle":"RAP","time":1792688400000,"time_string":"undefined","description":"https://www.transbordeur.fr/evenement/a6el-22102026/"}},{"type":"Feature","id":1768529482686,"geometry":{"type":"Points"},"properties":{"title":"NES","size":100,"icon":"marker-15","place":"Transbordeur","style":"Rap","detailedStyle":"RAP","time":1792774800000,"time_string":"undefined","description":"https://www.transbordeur.fr/evenement/nes-23102026/"}},{"type":"Feature","id":1274083928997,"geometry":{"type":"Points"},"properties":{"title":"INSTRUMENTAL : HILIGHT TRIBE + MANUDIGITAL ...","size":100,"icon":"marker-15","place":"Transbordeur","style":"World","detailedStyle":"TRANCE / REGGAE / DUB","time":1792877400000,"time_string":"undefined","description":"https://www.transbordeur.fr/evenement/hilight-tribe-manudigital-spoink-luneris-flupke-ex-echo-crete-moustache-24102026/"}},{"type":"Feature","id":683442793986,"geometry":{"type":"Points"},"properties":{"title":"FESTIVAL KARAVEL : HIP HOP GAMES :","size":100,"icon":"marker-15","place":"Transbordeur","style":"Rap","detailedStyle":"HIP HOP","time":1792933200000,"time_string":"undefined","description":"https://www.transbordeur.fr/evenement/37677/"}},{"type":"Feature","id":573664001614,"geometry":{"type":"Points"},"properties":{"title":"WALLACE CLEAVER","size":100,"icon":"marker-15","place":"Transbordeur","style":"Rap","detailedStyle":"RAP","time":1793210400000,"time_string":"undefined","description":"https://www.transbordeur.fr/evenement/wallace-cleaver-28102026/"}},{"type":"Feature","id":173840412305,"geometry":{"type":"Points"},"properties":{"title":"ZOUFRIS MARACAS","size":100,"icon":"marker-15","place":"Transbordeur","style":"Chanson","detailedStyle":"CHANSON ALTERNATIVE","time":1793383200000,"time_string":"undefined","description":"https://www.transbordeur.fr/evenement/zoufris-maracas-30102026/"}},{"type":"Feature","id":852387942152,"geometry":{"type":"Points"},"properties":{"title":"NUIT DU GOUYAD #2 : DJ DIDA + DJ KAWEST ...","size":100,"icon":"marker-15","place":"Transbordeur","style":"GOUYAD / KOMPA","detailedStyle":"GOUYAD / KOMPA","time":1793399400000,"time_string":"undefined","description":"https://www.transbordeur.fr/evenement/dj-dida-dj-kawest-dj-douly-30102026/"}},{"type":"Feature","id":1679958914575,"geometry":{"type":"Points"},"properties":{"title":"FINK","size":100,"icon":"marker-15","place":"Transbordeur","style":"Chanson","detailedStyle":"FOLK / BLUES","time":1793467800000,"time_string":"undefined","description":"https://www.transbordeur.fr/evenement/fink-31102026/"}},{"type":"Feature","id":345520025595,"geometry":{"type":"Points"},"properties":{"title":"GARÇON SAUVAGE XXL :","size":100,"icon":"marker-15","place":"Transbordeur","style":"Electro","detailedStyle":"ELECTRO","time":1793485800000,"time_string":"undefined","description":"https://www.transbordeur.fr/evenement/39614/"}},{"type":"Feature","id":312113086337,"geometry":{"type":"Points"},"properties":{"title":"MIKE D","size":100,"icon":"marker-15","place":"Transbordeur","style":"Rap","detailedStyle":"HIP HOP / PUNK","time":1793813400000,"time_string":"undefined","description":"https://www.transbordeur.fr/evenement/mike-d-04112026/"}},{"type":"Feature","id":643069267164,"geometry":{"type":"Points"},"properties":{"title":"LA P'TITE FUMEE","size":100,"icon":"marker-15","place":"Transbordeur","style":"Electro","detailedStyle":"HYBRID ELECTRO TRANCE","time":1793986200000,"time_string":"undefined","description":"https://www.transbordeur.fr/evenement/la-ptite-fumee-06112026/"}},{"type":"Feature","id":943083471228,"geometry":{"type":"Points"},"properties":{"title":"JWLES","size":100,"icon":"marker-15","place":"Transbordeur","style":"Rap","detailedStyle":"RAP / POP URBAINE","time":1794074400000,"time_string":"undefined","description":"https://www.transbordeur.fr/evenement/jwles-07112026/"}},{"type":"Feature","id":789671088173,"geometry":{"type":"Points"},"properties":{"title":"KLOFAMA","size":100,"icon":"marker-15","place":"Transbordeur","style":"Electro","detailedStyle":"HARD TECHNO","time":1794090600000,"time_string":"undefined","description":"https://www.transbordeur.fr/evenement/klofama-07112026/"}},{"type":"Feature","id":762076415634,"geometry":{"type":"Points"},"properties":{"title":"AMISTAT + ORANGE OAK","size":100,"icon":"marker-15","place":"Transbordeur","style":"Chanson","detailedStyle":"INDIE / FOLK","time":1794247200000,"time_string":"undefined","description":"https://www.transbordeur.fr/evenement/amistat-orange-oak-09112026/"}},{"type":"Feature","id":1767520350214,"geometry":{"type":"Points"},"properties":{"title":"PLAVACE 5 ANS : 8RUKI + TH ...","size":100,"icon":"marker-15","place":"Transbordeur","style":"Rap","detailedStyle":"RAP / TRAP","time":1794331800000,"time_string":"undefined","description":"https://www.transbordeur.fr/evenement/8ruki-th-zed-10112026/"}},{"type":"Feature","id":1128299097730,"geometry":{"type":"Points"},"properties":{"title":"SCHUR + JEANIE","size":100,"icon":"marker-15","place":"Transbordeur","style":"Rock","detailedStyle":"INDIE ROCK","time":1794420000000,"time_string":"undefined","description":"https://www.transbordeur.fr/evenement/schur-jeanie-11112026/"}},{"type":"Feature","id":689318663495,"geometry":{"type":"Points"},"properties":{"title":"SNIPER","size":100,"icon":"marker-15","place":"Transbordeur","style":"Rap","detailedStyle":"RAP / HIP HOP","time":1794506400000,"time_string":"undefined","description":"https://www.transbordeur.fr/evenement/sniper-12112026/"}},{"type":"Feature","id":1596443061406,"geometry":{"type":"Points"},"properties":{"title":"BOY HARSHER","size":100,"icon":"marker-15","place":"Transbordeur","style":"Electro","detailedStyle":"DARKWAVE / SYNTHPOP","time":1794677400000,"time_string":"undefined","description":"https://www.transbordeur.fr/evenement/boy-harsher-14112026/"}},{"type":"Feature","id":152033346653,"geometry":{"type":"Points"},"properties":{"title":"BEAST IN BLACK + FROZEN CROWN + SONATA ARCTICA","size":100,"icon":"marker-15","place":"Transbordeur","style":"Rock","detailedStyle":"POWER METAL","time":1794762000000,"time_string":"undefined","description":"https://www.transbordeur.fr/evenement/beast-in-black-frozen-crown-sonata-arctica-15112026/"}},{"type":"Feature","id":703193947828,"geometry":{"type":"Points"},"properties":{"title":"COLOURS IN THE STREET","size":100,"icon":"marker-15","place":"Transbordeur","style":"Rock","detailedStyle":"POP ROCK","time":1794938400000,"time_string":"undefined","description":"https://www.transbordeur.fr/evenement/colours-in-the-street-17112026/"}},{"type":"Feature","id":1640692951618,"geometry":{"type":"Points"},"properties":{"title":"LIVE ECHO : MARCUS GAD","size":100,"icon":"marker-15","place":"Transbordeur","style":"World","detailedStyle":"REGGAE","time":1795028400000,"time_string":"undefined","description":"https://www.transbordeur.fr/evenement/marcus-gad-18112026/"}},{"type":"Feature","id":71210231694,"geometry":{"type":"Points"},"properties":{"title":"GOGO PENGUIN + DAUDI MATSIKO","size":100,"icon":"marker-15","place":"Transbordeur","style":"Jazz","detailedStyle":"JAZZ / ELECTRO","time":1795111200000,"time_string":"undefined","description":"https://www.transbordeur.fr/evenement/gogo-penguin-daudi-matsiko-19112026/"}},{"type":"Feature","id":1727662162925,"geometry":{"type":"Points"},"properties":{"title":"IBEYI","size":100,"icon":"marker-15","place":"Transbordeur","style":"Rock","detailedStyle":"POP ALTERNATIVE","time":1795197600000,"time_string":"undefined","description":"https://www.transbordeur.fr/evenement/ibeyi-20112026/"}},{"type":"Feature","id":559699195379,"geometry":{"type":"Points"},"properties":{"title":"LAURA FERRE","size":100,"icon":"marker-15","place":"Transbordeur","style":"Chanson","detailedStyle":"CHANSON","time":1795543200000,"time_string":"undefined","description":"https://www.transbordeur.fr/evenement/laura-ferre-24112026/"}},{"type":"Feature","id":1448552983552,"geometry":{"type":"Points"},"properties":{"title":"ACCEPT + DYNAZTY + TAILGUNNER","size":100,"icon":"marker-15","place":"Transbordeur","style":"Rock","detailedStyle":"HEAVY METAL","time":1795626000000,"time_string":"undefined","description":"https://www.transbordeur.fr/evenement/accept-dynazty-tailgunner-25112026/"}},{"type":"Feature","id":941070659099,"geometry":{"type":"Points"},"properties":{"title":"BEN PLG","size":100,"icon":"marker-15","place":"Transbordeur","style":"Rap","detailedStyle":"RAP","time":1795716000000,"time_string":"undefined","description":"https://www.transbordeur.fr/evenement/ben-plg-26112026/"}},{"type":"Feature","id":916962083045,"geometry":{"type":"Points"},"properties":{"title":"KID FRANCESCOLI + WOODY","size":100,"icon":"marker-15","place":"Transbordeur","style":"Electro","detailedStyle":"ELECTRO POP","time":1795802400000,"time_string":"undefined","description":"https://www.transbordeur.fr/evenement/kid-francescoli-woody-27112026/"}},{"type":"Feature","id":1663727967846,"geometry":{"type":"Points"},"properties":{"title":"LENAIG","size":100,"icon":"marker-15","place":"Transbordeur","style":"Chanson","detailedStyle":"CHANSON / POP","time":1795888800000,"time_string":"undefined","description":"https://www.transbordeur.fr/evenement/lenaig-28112026/"}},{"type":"Feature","id":360795549239,"geometry":{"type":"Points"},"properties":{"title":"MATCH D'IMPRO : LYON VS BELGIQUE : LA LILY :","size":100,"icon":"marker-15","place":"Transbordeur","style":"IMPROVISATION THEATRALE","detailedStyle":"IMPROVISATION THEATRALE","time":1795964400000,"time_string":"undefined","description":"https://www.transbordeur.fr/evenement/37612/"}},{"type":"Feature","id":38609283677,"geometry":{"type":"Points"},"properties":{"title":"THE STRANGLERS","size":100,"icon":"marker-15","place":"Transbordeur","style":"Rock","detailedStyle":"PUNK ROCK","time":1796061600000,"time_string":"undefined","description":"https://www.transbordeur.fr/evenement/the-stranglers-30112026/"}},{"type":"Feature","id":1091166428494,"geometry":{"type":"Points"},"properties":{"title":"SLIFT","size":100,"icon":"marker-15","place":"Transbordeur","style":"Rock","detailedStyle":"SPACE ROCK","time":1796234400000,"time_string":"undefined","description":"https://www.transbordeur.fr/evenement/slift-02122026/"}},{"type":"Feature","id":556212394853,"geometry":{"type":"Points"},"properties":{"title":"ELUVEITIE + PAIN + WOLFHEART","size":100,"icon":"marker-15","place":"Transbordeur","style":"Chanson","detailedStyle":"FOLK METAL","time":1796320800000,"time_string":"undefined","description":"https://www.transbordeur.fr/evenement/eluveitie-pain-wolfheart-03122026/"}},{"type":"Feature","id":1614311053807,"geometry":{"type":"Points"},"properties":{"title":"LUTHER","size":100,"icon":"marker-15","place":"Transbordeur","style":"Rap","detailedStyle":"RAP","time":1796407200000,"time_string":"undefined","description":"https://www.transbordeur.fr/evenement/luther-04122026/"}},{"type":"Feature","id":358264976392,"geometry":{"type":"Points"},"properties":{"title":"ROUNHAA","size":100,"icon":"marker-15","place":"Transbordeur","style":"Chanson","detailedStyle":"RAP / CHANSON","time":1796493600000,"time_string":"undefined","description":"https://www.transbordeur.fr/evenement/rounhaa-05122026/"}},{"type":"Feature","id":101983832697,"geometry":{"type":"Points"},"properties":{"title":"LA RVFLEUZE","size":100,"icon":"marker-15","place":"Transbordeur","style":"Rap","detailedStyle":"RAP","time":1796580000000,"time_string":"undefined","description":"https://www.transbordeur.fr/evenement/la-rvfleuze-06122026/"}},{"type":"Feature","id":1277468846067,"geometry":{"type":"Points"},"properties":{"title":"CORY WONG","size":100,"icon":"marker-15","place":"Transbordeur","style":"Jazz","detailedStyle":"JAZZ / FUNK / SOUL","time":1796666400000,"time_string":"undefined","description":"https://www.transbordeur.fr/evenement/cory-wong-07122026/"}},{"type":"Feature","id":888572352611,"geometry":{"type":"Points"},"properties":{"title":"TRIBUTE TELEPHONE : MINITEL","size":100,"icon":"marker-15","place":"Transbordeur","style":"Rock","detailedStyle":"ROCK FRANÇAIS","time":1796839200000,"time_string":"undefined","description":"https://www.transbordeur.fr/evenement/minitel-09122026/"}},{"type":"Feature","id":1115556663526,"geometry":{"type":"Points"},"properties":{"title":"MARGUERITE","size":100,"icon":"marker-15","place":"Transbordeur","style":"Chanson","detailedStyle":"CHANSON / POP","time":1797012000000,"time_string":"undefined","description":"https://www.transbordeur.fr/evenement/marguerite-11122026/"}},{"type":"Feature","id":644009718817,"geometry":{"type":"Points"},"properties":{"title":"SAM SAUVAGE","size":100,"icon":"marker-15","place":"Transbordeur","style":"Chanson","detailedStyle":"CHANSON / POP","time":1797098400000,"time_string":"undefined","description":"https://www.transbordeur.fr/evenement/sam-sauvage-12122026/"}},{"type":"Feature","id":228231689368,"geometry":{"type":"Points"},"properties":{"title":"AXEL BAUER","size":100,"icon":"marker-15","place":"Transbordeur","style":"Rock","detailedStyle":"ROCK FRANÇAIS","time":1797184800000,"time_string":"undefined","description":"https://www.transbordeur.fr/evenement/axel-bauer-13122026/"}},{"type":"Feature","id":361068987225,"geometry":{"type":"Points"},"properties":{"title":"FFF","size":100,"icon":"marker-15","place":"Transbordeur","style":"Rock","detailedStyle":"ROCK FUNK","time":1797530400000,"time_string":"undefined","description":"https://www.transbordeur.fr/evenement/fff-17122026/"}},{"type":"Feature","id":362138897310,"geometry":{"type":"Points"},"properties":{"title":"ACID ARAB","size":100,"icon":"marker-15","place":"Transbordeur","style":"Electro","detailedStyle":"ELECTRO ORIENTALE","time":1799344800000,"time_string":"undefined","description":"https://www.transbordeur.fr/evenement/acid-arab-07012027/"}},{"type":"Feature","id":1713510702211,"geometry":{"type":"Points"},"properties":{"title":"GIEDRE","size":100,"icon":"marker-15","place":"Transbordeur","style":"Chanson","detailedStyle":"CHANSON HUMOUR","time":1800036000000,"time_string":"undefined","description":"https://www.transbordeur.fr/evenement/giedre-15012027/"}},{"type":"Feature","id":1098871973967,"geometry":{"type":"Points"},"properties":{"title":"FILLS MONKEY","size":100,"icon":"marker-15","place":"Transbordeur","style":"Chanson","detailedStyle":"CHANSON HUMOUR","time":1800122400000,"time_string":"undefined","description":"https://www.transbordeur.fr/evenement/fills-monkey-16012027/"}},{"type":"Feature","id":1281480117025,"geometry":{"type":"Points"},"properties":{"title":"TÉTÉ","size":100,"icon":"marker-15","place":"Transbordeur","style":"Chanson","detailedStyle":"CHANSON / FOLK","time":1800468000000,"time_string":"undefined","description":"https://www.transbordeur.fr/evenement/tete-20012027/"}},{"type":"Feature","id":1430633587844,"geometry":{"type":"Points"},"properties":{"title":"ZAOUI","size":100,"icon":"marker-15","place":"Transbordeur","style":"Chanson","detailedStyle":"CHANSON / POP","time":1800554400000,"time_string":"undefined","description":"https://www.transbordeur.fr/evenement/zaoui-21012027/"}},{"type":"Feature","id":1624562486534,"geometry":{"type":"Points"},"properties":{"title":"RESOLVE + SILENT PLANET + SPLEEN","size":100,"icon":"marker-15","place":"Transbordeur","style":"Rock","detailedStyle":"METAL","time":1800640800000,"time_string":"undefined","description":"https://www.transbordeur.fr/evenement/resolve-silent-planet-spleen-22012027/"}},{"type":"Feature","id":1424973935517,"geometry":{"type":"Points"},"properties":{"title":"NTO","size":100,"icon":"marker-15","place":"Transbordeur","style":"Electro","detailedStyle":"TECHNO MELODIQUE","time":1801159200000,"time_string":"undefined","description":"https://www.transbordeur.fr/evenement/nto-28012027/"}},{"type":"Feature","id":1642740340641,"geometry":{"type":"Points"},"properties":{"title":"MATCH D'IMPRO : LYON VS SUISSE : LA LILY :","size":100,"icon":"marker-15","place":"Transbordeur","style":"IMPROVISATION THEATRALE","detailedStyle":"IMPROVISATION THEATRALE","time":1801407600000,"time_string":"undefined","description":"https://www.transbordeur.fr/evenement/37616/"}},{"type":"Feature","id":138181910164,"geometry":{"type":"Points"},"properties":{"title":"JAHNERATION","size":100,"icon":"marker-15","place":"Transbordeur","style":"World","detailedStyle":"REGGAE","time":1806598800000,"time_string":"undefined","description":"https://www.transbordeur.fr/evenement/jahneration-01042027/"}},{"type":"Feature","id":990115696205,"geometry":{"type":"Points"},"properties":{"title":"MADAME ARTHUR","size":100,"icon":"marker-15","place":"Transbordeur","style":"CABARET QUEER","detailedStyle":"CABARET QUEER","time":1807376400000,"time_string":"undefined","description":"https://www.transbordeur.fr/evenement/madame-arthur-10042027/"}},{"type":"Feature","id":1704819233763,"geometry":{"type":"Points"},"properties":{"title":"Black Zone Myth Chant + Aracoeli + Hajj","size":100,"icon":"marker-15","place":"Le Périscope","style":"Jazz","detailedStyle":"(Musique Electronique)","time":1789063200000,"time_string":"undefined","description":"https://www.periscope-lyon.com/concerts/black-zone-myth-chant-aracoeli-hajj/"}},{"type":"Feature","id":885427751764,"geometry":{"type":"Points"},"properties":{"title":"Barrut + Le Diable Dégoûtant","size":100,"icon":"marker-15","place":"Le Périscope","style":"Jazz","detailedStyle":"(Sono Mondiale)","time":1789153200000,"time_string":"undefined","description":"https://www.periscope-lyon.com/concerts/barrut/"}},{"type":"Feature","id":959589500805,"geometry":{"type":"Points"},"properties":{"title":"Håla Duett + Kouma","size":100,"icon":"marker-15","place":"Le Périscope","style":"Jazz","detailedStyle":"","time":1789498800000,"time_string":"undefined","description":"https://www.periscope-lyon.com/concerts/hala-duett-kouma/"}},{"type":"Feature","id":950883897670,"geometry":{"type":"Points"},"properties":{"title":"NāRI","size":100,"icon":"marker-15","place":"Le Périscope","style":"Jazz","detailedStyle":"","time":1789671600000,"time_string":"undefined","description":"https://www.periscope-lyon.com/concerts/nari/"}},{"type":"Feature","id":347763868804,"geometry":{"type":"Points"},"properties":{"title":"Tracy De Sá + Maldonne et Klar Obscur + 3 Kitties + La Tendresse","size":100,"icon":"marker-15","place":"Le Périscope","style":"Jazz","detailedStyle":"","time":1789750800000,"time_string":"undefined","description":"https://www.periscope-lyon.com/concerts/tracy-de-sa-maldonne-et-klar-obscur-3-kitties-la-tendresse/"}},{"type":"Feature","id":683196904893,"geometry":{"type":"Points"},"properties":{"title":"Ecko Bazz feat. Talpah + LI$ON + Mona San","size":100,"icon":"marker-15","place":"Le Périscope","style":"Jazz","detailedStyle":"","time":1790190000000,"time_string":"undefined","description":"https://www.periscope-lyon.com/concerts/ecko-bazz-feat-talpah-lion-mona-san/"}},{"type":"Feature","id":470938340901,"geometry":{"type":"Points"},"properties":{"title":"Tatanka Quartet","size":100,"icon":"marker-15","place":"Le Périscope","style":"Jazz","detailedStyle":"","time":1790276400000,"time_string":"undefined","description":"https://www.periscope-lyon.com/concerts/tatanka-quartet/"}},{"type":"Feature","id":467257305366,"geometry":{"type":"Points"},"properties":{"title":"Ashinoa + quelque","size":100,"icon":"marker-15","place":"Le Périscope","style":"Jazz","detailedStyle":"","time":1790362800000,"time_string":"undefined","description":"https://www.periscope-lyon.com/concerts/ashinoa-quelque-2/"}},{"type":"Feature","id":1773047155298,"geometry":{"type":"Points"},"properties":{"title":"Morenica + Diámelo","size":100,"icon":"marker-15","place":"Le Périscope","style":"Jazz","detailedStyle":"","time":1790449200000,"time_string":"undefined","description":"https://www.periscope-lyon.com/concerts/morenica-diamelo/"}},{"type":"Feature","id":452393213826,"geometry":{"type":"Points"},"properties":{"title":"Raphael Loher","size":100,"icon":"marker-15","place":"Le Périscope","style":"Jazz","detailedStyle":"","time":1790787600000,"time_string":"undefined","description":"https://www.periscope-lyon.com/concerts/raphael-loher/"}},{"type":"Feature","id":219751021275,"geometry":{"type":"Points"},"properties":{"title":"Durden + SLMVX + Noreah + Milmask","size":100,"icon":"marker-15","place":"Le Périscope","style":"Jazz","detailedStyle":"","time":1790877600000,"time_string":"undefined","description":"https://www.periscope-lyon.com/concerts/durden-slmvx-noreah-milmask/"}},{"type":"Feature","id":659425169943,"geometry":{"type":"Points"},"properties":{"title":"Louis Sclavis Shunkan Trio","size":100,"icon":"marker-15","place":"Le Périscope","style":"Jazz","detailedStyle":"","time":1791399600000,"time_string":"undefined","description":"https://www.periscope-lyon.com/concerts/louis-sclavis-shunkan-trio/"}},{"type":"Feature","id":1721315945308,"geometry":{"type":"Points"},"properties":{"title":"Buck","size":100,"icon":"marker-15","place":"Le Périscope","style":"Jazz","detailedStyle":"","time":1791486000000,"time_string":"undefined","description":"https://www.periscope-lyon.com/concerts/buck-5/"}},{"type":"Feature","id":88651142766,"geometry":{"type":"Points"},"properties":{"title":"Victoria Alexanyan Quintet + Sampling is Beautiful","size":100,"icon":"marker-15","place":"Le Périscope","style":"Jazz","detailedStyle":"","time":1791918000000,"time_string":"undefined","description":"https://www.periscope-lyon.com/concerts/victoria-alexanyan-quintet-sampling-is-beautiful/"}},{"type":"Feature","id":661303734666,"geometry":{"type":"Points"},"properties":{"title":"Bonbon Flamme","size":100,"icon":"marker-15","place":"Le Périscope","style":"Jazz","detailedStyle":"","time":1792004400000,"time_string":"undefined","description":"https://www.periscope-lyon.com/concerts/bonbon-flamme-3/"}},{"type":"Feature","id":75936588503,"geometry":{"type":"Points"},"properties":{"title":"Franges","size":100,"icon":"marker-15","place":"Le Périscope","style":"Jazz","detailedStyle":"","time":1792522800000,"time_string":"undefined","description":"https://www.periscope-lyon.com/concerts/franges/"}},{"type":"Feature","id":1538487985743,"geometry":{"type":"Points"},"properties":{"title":"Cromorne + Transe Ar Gwez","size":100,"icon":"marker-15","place":"Le Périscope","style":"Jazz","detailedStyle":"","time":1792609200000,"time_string":"undefined","description":"https://www.periscope-lyon.com/concerts/cromorne-transe-ar-gwez/"}},{"type":"Feature","id":732991112472,"geometry":{"type":"Points"},"properties":{"title":"Jokari + Invité·es","size":100,"icon":"marker-15","place":"Le Périscope","style":"Jazz","detailedStyle":"","time":1792695600000,"time_string":"undefined","description":"https://www.periscope-lyon.com/concerts/jokari-invite%c2%b7es/"}},{"type":"Feature","id":452236869370,"geometry":{"type":"Points"},"properties":{"title":"Radio Hito","size":100,"icon":"marker-15","place":"Le Périscope","style":"Jazz","detailedStyle":"","time":1793217600000,"time_string":"undefined","description":"https://www.periscope-lyon.com/concerts/radio-hito/"}},{"type":"Feature","id":1050296446056,"geometry":{"type":"Points"},"properties":{"title":"Geordie Greep","size":100,"icon":"marker-15","place":"Le Périscope","style":"Jazz","detailedStyle":"","time":1795809600000,"time_string":"undefined","description":"https://www.periscope-lyon.com/concerts/geordie-greep/"}},{"type":"Feature","id":1425317672033,"geometry":{"type":"Points"},"properties":{"title":"fantasy of a broken heart + suzi simonei","size":100,"icon":"marker-15","place":"Live","style":"Rock","detailedStyle":"","time":1788372000000,"time_string":"undefined","description":"https://sonic-lyon.fr/evenement/fantasy-of-a-broken-heart/"}},{"type":"Feature","id":1235374917822,"geometry":{"type":"Points"},"properties":{"title":"TVOD + Moldy Stew","size":100,"icon":"marker-15","place":"Live","style":"Rock","detailedStyle":"","time":1788890400000,"time_string":"undefined","description":"https://sonic-lyon.fr/evenement/tvod/"}},{"type":"Feature","id":1278998201189,"geometry":{"type":"Points"},"properties":{"title":"Blockhead + ProleteR + Arms & Sleepers","size":100,"icon":"marker-15","place":"Le Sonic","style":"Rock","detailedStyle":"","time":1789668000000,"time_string":"undefined","description":"https://sonic-lyon.fr/evenement/blockhead-proleter-arms-sleepers/"}},{"type":"Feature","id":908800456624,"geometry":{"type":"Points"},"properties":{"title":"Ana Roxanne","size":100,"icon":"marker-15","place":"Live","style":"Rock","detailedStyle":"","time":1789754400000,"time_string":"undefined","description":"https://sonic-lyon.fr/evenement/ana-roxanne/"}},{"type":"Feature","id":537390132999,"geometry":{"type":"Points"},"properties":{"title":"Holy Wave + Petite Magic","size":100,"icon":"marker-15","place":"Live","style":"Rock","detailedStyle":"","time":1790186400000,"time_string":"undefined","description":"https://sonic-lyon.fr/evenement/holy-wave/"}},{"type":"Feature","id":104526760631,"geometry":{"type":"Points"},"properties":{"title":"Sofia + So Loli","size":100,"icon":"marker-15","place":"Live","style":"Rock","detailedStyle":"","time":1790272800000,"time_string":"undefined","description":"https://sonic-lyon.fr/evenement/sofia/"}},{"type":"Feature","id":341828402699,"geometry":{"type":"Points"},"properties":{"title":"Deli Girls","size":100,"icon":"marker-15","place":"Live","style":"Rock","detailedStyle":"","time":1790877600000,"time_string":"undefined","description":"https://sonic-lyon.fr/evenement/deli-girls/"}},{"type":"Feature","id":1490362382030,"geometry":{"type":"Points"},"properties":{"title":"Pisse + Güner Künier","size":100,"icon":"marker-15","place":"Live","style":"Rock","detailedStyle":"","time":1791482400000,"time_string":"undefined","description":"https://sonic-lyon.fr/evenement/pisse-guner-kunier/"}},{"type":"Feature","id":1378417879068,"geometry":{"type":"Points"},"properties":{"title":"LEYA","size":100,"icon":"marker-15","place":"Live","style":"Rock","detailedStyle":"","time":1792000800000,"time_string":"undefined","description":"https://sonic-lyon.fr/evenement/leya/"}},{"type":"Feature","id":357967178161,"geometry":{"type":"Points"},"properties":{"title":"The Homesick + group-ensemble","size":100,"icon":"marker-15","place":"Live","style":"Rock","detailedStyle":"","time":1792519200000,"time_string":"undefined","description":"https://sonic-lyon.fr/evenement/the-homesick-group-ensemble/"}},{"type":"Feature","id":285846091312,"geometry":{"type":"Points"},"properties":{"title":"Tapeworms","size":100,"icon":"marker-15","place":"Live","style":"Rock","detailedStyle":"","time":1792692000000,"time_string":"undefined","description":"https://sonic-lyon.fr/evenement/tapeworms/"}},{"type":"Feature","id":569381759440,"geometry":{"type":"Points"},"properties":{"title":"Tomoyuki Aoki & Harutaka Mochizuki","size":100,"icon":"marker-15","place":"Live","style":"Rock","detailedStyle":"","time":1794510000000,"time_string":"undefined","description":"https://sonic-lyon.fr/evenement/tomoyuki-aoki-harutaka-mochizuki/"}},{"type":"Feature","id":333902939785,"geometry":{"type":"Points"},"properties":{"title":"J.Zunz","size":100,"icon":"marker-15","place":"Live","style":"Rock","detailedStyle":"","time":1795028400000,"time_string":"undefined","description":"https://sonic-lyon.fr/evenement/j-zunz/"}},{"type":"Feature","id":650869099439,"geometry":{"type":"Points"},"properties":{"title":"Neptune","size":100,"icon":"marker-15","place":"Live","style":"Rock","detailedStyle":"","time":1797534000000,"time_string":"undefined","description":"https://sonic-lyon.fr/evenement/neptune/"}},{"type":"Feature","id":68354119290,"geometry":{"type":"Points"},"properties":{"title":"S.society","size":100,"icon":"marker-15","place":"Le Sucre","style":"Live","detailedStyle":"(Musique Electronique)","time":1786917600000,"time_string":"undefined","description":"https://www.petit-bulletin.fr/agenda-313952-s-society.html"}},{"type":"Feature","id":678134888454,"geometry":{"type":"Points"},"properties":{"title":"S.society","size":100,"icon":"marker-15","place":"Le Sucre","style":"Live","detailedStyle":"(Musique Electronique)","time":1786899600000,"time_string":"undefined","description":"https://www.petit-bulletin.fr/agenda-313952-s-society.html"}},{"type":"Feature","id":1695164522233,"geometry":{"type":"Points"},"properties":{"title":"S. society","size":100,"icon":"marker-15","place":"Le Sucre","style":"Live","detailedStyle":"(Musique Electronique)","time":1787522400000,"time_string":"undefined","description":"https://www.petit-bulletin.fr/agenda-314248-s-society.html"}},{"type":"Feature","id":415477844390,"geometry":{"type":"Points"},"properties":{"title":"XLR Events","size":100,"icon":"marker-15","place":"Le Petit Salon","style":"Live","detailedStyle":"(Musique Electronique)","time":1788039000000,"time_string":"undefined","description":"https://www.petit-bulletin.fr/agenda-317318-xlr-events.html"}},{"type":"Feature","id":102268810949,"geometry":{"type":"Points"},"properties":{"title":"S.society","size":100,"icon":"marker-15","place":"Le Sucre","style":"Live","detailedStyle":"(Musique Electronique)","time":1788127200000,"time_string":"undefined","description":"https://www.petit-bulletin.fr/agenda-314756-s-society.html"}},{"type":"Feature","id":409506238631,"geometry":{"type":"Points"},"properties":{"title":"Fantasy of a broken heart + Suzi Simonei","size":100,"icon":"marker-15","place":"Le Sonic","style":"Rock","detailedStyle":"(Rock & Pop)","time":1788372000000,"time_string":"undefined","description":"https://www.petit-bulletin.fr/agenda-318958-fantasy-of-a-broken-heart-suzi-simonei.html"}},{"type":"Feature","id":1501287465185,"geometry":{"type":"Points"},"properties":{"title":"Jango Janice + Margot Viotti","size":100,"icon":"marker-15","place":"Bulle de son","style":"Rock","detailedStyle":"(Rock & Pop)","time":1788456600000,"time_string":"undefined","description":"https://www.petit-bulletin.fr/agenda-319020-jango-janice-margot-viotti.html"}},{"type":"Feature","id":462384987552,"geometry":{"type":"Points"},"properties":{"title":"Tvod","size":100,"icon":"marker-15","place":"Le Sonic","style":"Rock","detailedStyle":"(Rock & Pop)","time":1788890400000,"time_string":"undefined","description":"https://www.petit-bulletin.fr/agenda-318959-tvod.html"}},{"type":"Feature","id":1365643112092,"geometry":{"type":"Points"},"properties":{"title":"Onda","size":100,"icon":"marker-15","place":"Les SUBS","style":"Live","detailedStyle":"(Musique Electronique)","time":1788982200000,"time_string":"undefined","description":"https://www.petit-bulletin.fr/agenda-319032-onda.html"}},{"type":"Feature","id":816273246869,"geometry":{"type":"Points"},"properties":{"title":"Almond Butyl","size":100,"icon":"marker-15","place":"Les SUBS","style":"Rock","detailedStyle":"(Rock & Pop)","time":1788976800000,"time_string":"undefined","description":"https://www.petit-bulletin.fr/agenda-319033-almond-butyl.html"}},{"type":"Feature","id":830745165182,"geometry":{"type":"Points"},"properties":{"title":"#GO2627","size":100,"icon":"marker-15","place":"Marché Gare","style":"Live","detailedStyle":"","time":1789682400000,"time_string":"undefined","description":"https://marchegare.fr/agenda/go2627"}},{"type":"Feature","id":524078654434,"geometry":{"type":"Points"},"properties":{"title":"FORMATION PRO 'MAO & Production Musicale'","size":100,"icon":"marker-15","place":"Marché Gare","style":"Live","detailedStyle":"","time":1789941600000,"time_string":"undefined","description":"https://marchegare.fr/agenda/formation-pro-mao-production-musicale-septembre-26"}},{"type":"Feature","id":833023026835,"geometry":{"type":"Points"},"properties":{"title":"Ciné-Club : IF - Illustration Festival","size":100,"icon":"marker-15","place":"Marché Gare","style":"Live","detailedStyle":"","time":1790114400000,"time_string":"undefined","description":"https://marchegare.fr/agenda/cine-club-if-festival"}},{"type":"Feature","id":1029578672943,"geometry":{"type":"Points"},"properties":{"title":"BCUC","size":100,"icon":"marker-15","place":"Marché Gare","style":"Live","detailedStyle":"","time":1790200800000,"time_string":"undefined","description":"https://marchegare.fr/agenda/bcuc"}},{"type":"Feature","id":548555346521,"geometry":{"type":"Points"},"properties":{"title":"OSCAR LES VACANCES","size":100,"icon":"marker-15","place":"Marché Gare","style":"Live","detailedStyle":"","time":1790287200000,"time_string":"undefined","description":"https://marchegare.fr/agenda/oscar-les-vacances-2026"}},{"type":"Feature","id":1262512197384,"geometry":{"type":"Points"},"properties":{"title":"TULIPE TULIPE","size":100,"icon":"marker-15","place":"Marché Gare","style":"Live","detailedStyle":"","time":1790632800000,"time_string":"undefined","description":"https://marchegare.fr/agenda/tulipe-tulipe"}},{"type":"Feature","id":496867371870,"geometry":{"type":"Points"},"properties":{"title":"L'écho du large","size":100,"icon":"marker-15","place":"Marché Gare","style":"Live","detailedStyle":"","time":1790719200000,"time_string":"undefined","description":"https://marchegare.fr/agenda/lecho-du-large"}},{"type":"Feature","id":414126822644,"geometry":{"type":"Points"},"properties":{"title":"DINAA","size":100,"icon":"marker-15","place":"Marché Gare","style":"Live","detailedStyle":"","time":1790805600000,"time_string":"undefined","description":"https://marchegare.fr/agenda/dinaa"}},{"type":"Feature","id":1620191208257,"geometry":{"type":"Points"},"properties":{"title":"Déjeuner-Concert","size":100,"icon":"marker-15","place":"Marché Gare","style":"Live","detailedStyle":"","time":1791237600000,"time_string":"undefined","description":"https://marchegare.fr/agenda/dejeuner-concert-0"}},{"type":"Feature","id":765996177410,"geometry":{"type":"Points"},"properties":{"title":"ANTON SERRA · LUCIO BUKOWSKI · OSTER LAPWASS","size":100,"icon":"marker-15","place":"Marché Gare","style":"Live","detailedStyle":"","time":1791410400000,"time_string":"undefined","description":"https://marchegare.fr/agenda/lucio-bukowski-anton-serra-oster-lapwass-nouvelle-date"}},{"type":"Feature","id":1468658722598,"geometry":{"type":"Points"},"properties":{"title":"ANTON SERRA · LUCIO BUKOWSKI · OSTER LAPWASS","size":100,"icon":"marker-15","place":"Marché Gare","style":"Live","detailedStyle":"","time":1791496800000,"time_string":"undefined","description":"https://marchegare.fr/agenda/lucio-bukowski-anton-serra-oster-lapwass"}},{"type":"Feature","id":462551843620,"geometry":{"type":"Points"},"properties":{"title":"HYPNO5E + HIPPOTRAKTOR","size":100,"icon":"marker-15","place":"Marché Gare","style":"Live","detailedStyle":"","time":1791583200000,"time_string":"undefined","description":"https://marchegare.fr/agenda/hypno5e-hippotraktor"}},{"type":"Feature","id":1611952894090,"geometry":{"type":"Points"},"properties":{"title":"IVANOÉ","size":100,"icon":"marker-15","place":"Marché Gare","style":"Live","detailedStyle":"","time":1791842400000,"time_string":"undefined","description":"https://marchegare.fr/agenda/ivanoe"}},{"type":"Feature","id":364338171731,"geometry":{"type":"Points"},"properties":{"title":"THE BUTTSHAKERS 'XXL'","size":100,"icon":"marker-15","place":"Marché Gare","style":"Live","detailedStyle":"","time":1792015200000,"time_string":"undefined","description":"https://marchegare.fr/agenda/buttshakers"}},{"type":"Feature","id":614095229564,"geometry":{"type":"Points"},"properties":{"title":"LES MAMANS DU CONGO & RROBIN + SHAROUH","size":100,"icon":"marker-15","place":"Marché Gare","style":"Live","detailedStyle":"","time":1792101600000,"time_string":"undefined","description":"https://marchegare.fr/agenda/jarring-fest-2026"}},{"type":"Feature","id":1614038210834,"geometry":{"type":"Points"},"properties":{"title":"FORMATION PRO 'Élaboration d’un Projet Musical'","size":100,"icon":"marker-15","place":"Marché Gare","style":"Live","detailedStyle":"","time":1792360800000,"time_string":"undefined","description":"https://marchegare.fr/agenda/formation-pro-elaboration-dun-projet-musical-octobre-26"}},{"type":"Feature","id":652439973507,"geometry":{"type":"Points"},"properties":{"title":"TEENAGE FANCLUB","size":100,"icon":"marker-15","place":"Marché Gare","style":"Live","detailedStyle":"","time":1792360800000,"time_string":"undefined","description":"https://marchegare.fr/agenda/teenage-fanclub"}},{"type":"Feature","id":694039181595,"geometry":{"type":"Points"},"properties":{"title":"NOOR","size":100,"icon":"marker-15","place":"Marché Gare","style":"Live","detailedStyle":"","time":1792792800000,"time_string":"undefined","description":"https://marchegare.fr/agenda/noor"}},{"type":"Feature","id":891126206270,"geometry":{"type":"Points"},"properties":{"title":"BLACK SEA DAHU","size":100,"icon":"marker-15","place":"Marché Gare","style":"Live","detailedStyle":"","time":1793055600000,"time_string":"undefined","description":"https://marchegare.fr/agenda/black-sea-dahu-26"}},{"type":"Feature","id":1105452452387,"geometry":{"type":"Points"},"properties":{"title":"LONG DISTANCE CALLING","size":100,"icon":"marker-15","place":"Marché Gare","style":"Live","detailedStyle":"","time":1793746800000,"time_string":"undefined","description":"https://marchegare.fr/agenda/long-distance-calling"}},{"type":"Feature","id":785679033489,"geometry":{"type":"Points"},"properties":{"title":"PLAVACE - 5 ANS","size":100,"icon":"marker-15","place":"Marché Gare","style":"Live","detailedStyle":"","time":1793919600000,"time_string":"undefined","description":"https://marchegare.fr/agenda/plavace-5ans"}},{"type":"Feature","id":54196288713,"geometry":{"type":"Points"},"properties":{"title":"FERDI","size":100,"icon":"marker-15","place":"Marché Gare","style":"Live","detailedStyle":"","time":1794006000000,"time_string":"undefined","description":"https://marchegare.fr/agenda/ferdi"}},{"type":"Feature","id":1260921497417,"geometry":{"type":"Points"},"properties":{"title":"FORMATION PRO 'MAO & Production Musicale'","size":100,"icon":"marker-15","place":"Marché Gare","style":"Live","detailedStyle":"","time":1794178800000,"time_string":"undefined","description":"https://marchegare.fr/agenda/formation-pro-mao-production-musicale-novembre-26"}},{"type":"Feature","id":1445298742647,"geometry":{"type":"Points"},"properties":{"title":"FUTURE PALACE","size":100,"icon":"marker-15","place":"Marché Gare","style":"Live","detailedStyle":"","time":1794265200000,"time_string":"undefined","description":"https://marchegare.fr/agenda/future-palace"}},{"type":"Feature","id":1445013244301,"geometry":{"type":"Points"},"properties":{"title":"Lyon Burlesque Festival","size":100,"icon":"marker-15","place":"Marché Gare","style":"Live","detailedStyle":"","time":1794610800000,"time_string":"undefined","description":"https://marchegare.fr/agenda/lyon-burlesque-festival-2026"}},{"type":"Feature","id":1144268963683,"geometry":{"type":"Points"},"properties":{"title":"MYRA","size":100,"icon":"marker-15","place":"Marché Gare","style":"Live","detailedStyle":"","time":1795042800000,"time_string":"undefined","description":"https://marchegare.fr/agenda/myra"}},{"type":"Feature","id":1546232223724,"geometry":{"type":"Points"},"properties":{"title":"ZINÉE","size":100,"icon":"marker-15","place":"Marché Gare","style":"Live","detailedStyle":"","time":1795129200000,"time_string":"undefined","description":"https://marchegare.fr/agenda/zinee"}},{"type":"Feature","id":1551848113165,"geometry":{"type":"Points"},"properties":{"title":"HOWLIN' JAWS","size":100,"icon":"marker-15","place":"Marché Gare","style":"Live","detailedStyle":"","time":1795215600000,"time_string":"undefined","description":"https://marchegare.fr/agenda/howlin-jaws"}},{"type":"Feature","id":43534332338,"geometry":{"type":"Points"},"properties":{"title":"Déjeuner-Concert","size":100,"icon":"marker-15","place":"Marché Gare","style":"Live","detailedStyle":"","time":1795474800000,"time_string":"undefined","description":"https://marchegare.fr/agenda/dejeuner-concert-1"}},{"type":"Feature","id":947671528167,"geometry":{"type":"Points"},"properties":{"title":"Soundtrack to a Coup d'état","size":100,"icon":"marker-15","place":"Marché Gare","style":"Live","detailedStyle":"","time":1795561200000,"time_string":"undefined","description":"https://marchegare.fr/agenda/soundtrack-coup-detat"}},{"type":"Feature","id":1713706557856,"geometry":{"type":"Points"},"properties":{"title":"KALIKA","size":100,"icon":"marker-15","place":"Marché Gare","style":"Live","detailedStyle":"","time":1795647600000,"time_string":"undefined","description":"https://marchegare.fr/agenda/kalika-26"}},{"type":"Feature","id":1498017686833,"geometry":{"type":"Points"},"properties":{"title":"Pi Ja Ma","size":100,"icon":"marker-15","place":"Marché Gare","style":"Live","detailedStyle":"","time":1795820400000,"time_string":"undefined","description":"https://marchegare.fr/agenda/pi-ja-ma"}},{"type":"Feature","id":1189457972565,"geometry":{"type":"Points"},"properties":{"title":"PAULINE BISOU","size":100,"icon":"marker-15","place":"Marché Gare","style":"Live","detailedStyle":"","time":1796079600000,"time_string":"undefined","description":"https://marchegare.fr/agenda/pauline-bisou"}},{"type":"Feature","id":879796966980,"geometry":{"type":"Points"},"properties":{"title":"WAMEN","size":100,"icon":"marker-15","place":"Marché Gare","style":"Live","detailedStyle":"","time":1796166000000,"time_string":"undefined","description":"https://marchegare.fr/agenda/wamen"}},{"type":"Feature","id":1777586274153,"geometry":{"type":"Points"},"properties":{"title":"FORMATION PRO 'Mixage & Mastering'","size":100,"icon":"marker-15","place":"Marché Gare","style":"Live","detailedStyle":"","time":1796598000000,"time_string":"undefined","description":"https://marchegare.fr/agenda/formation-pro-mixage-mastering-decembre-26"}},{"type":"Feature","id":1367234948324,"geometry":{"type":"Points"},"properties":{"title":"daoud","size":100,"icon":"marker-15","place":"Marché Gare","style":"Live","detailedStyle":"","time":1796857200000,"time_string":"undefined","description":"https://marchegare.fr/agenda/daoud"}},{"type":"Feature","id":1173008887004,"geometry":{"type":"Points"},"properties":{"title":"Concert du Labo","size":100,"icon":"marker-15","place":"Marché Gare","style":"Live","detailedStyle":"","time":1797375600000,"time_string":"undefined","description":"https://marchegare.fr/agenda/concert-du-labo-0"}},{"type":"Feature","id":787878149196,"geometry":{"type":"Points"},"properties":{"title":"KUMBIA BORUKA","size":100,"icon":"marker-15","place":"Marché Gare","style":"Live","detailedStyle":"","time":1797548400000,"time_string":"undefined","description":"https://marchegare.fr/agenda/kumbia-boruka"}},{"type":"Feature","id":1432394290958,"geometry":{"type":"Points"},"properties":{"title":"JUSTE SHANI","size":100,"icon":"marker-15","place":"Marché Gare","style":"Live","detailedStyle":"","time":1800572400000,"time_string":"undefined","description":"https://marchegare.fr/agenda/juste-shani"}},{"type":"Feature","id":779331532606,"geometry":{"type":"Points"},"properties":{"title":"ALGAM","size":100,"icon":"marker-15","place":"Marché Gare","style":"Live","detailedStyle":"","time":1800918000000,"time_string":"undefined","description":"https://marchegare.fr/agenda/algam"}},{"type":"Feature","id":1161095981194,"geometry":{"type":"Points"},"properties":{"title":"MONO","size":100,"icon":"marker-15","place":"Marché Gare","style":"Live","detailedStyle":"","time":1801695600000,"time_string":"undefined","description":"https://marchegare.fr/agenda/mono"}},{"type":"Feature","id":1688867971644,"geometry":{"type":"Points"},"properties":{"title":"LES LOUANGES","size":100,"icon":"marker-15","place":"Marché Gare","style":"Live","detailedStyle":"","time":1802214000000,"time_string":"undefined","description":"https://marchegare.fr/agenda/les-louanges"}},{"type":"Feature","id":1195474863543,"geometry":{"type":"Points"},"properties":{"title":"AND ALSO THE TREES","size":100,"icon":"marker-15","place":"Marché Gare","style":"Live","detailedStyle":"","time":1802386800000,"time_string":"undefined","description":"https://marchegare.fr/agenda/and-also-the-trees"}},{"type":"Feature","id":187945492896,"geometry":{"type":"Points"},"properties":{"title":"M POKORA","size":100,"icon":"marker-15","place":"Halle Tony Garnier","style":"Live","detailedStyle":"","time":1789149600000,"time_string":"undefined","description":"https://www.halle-tony-garnier.com/fr/programmation/m-pokora-3"}},{"type":"Feature","id":228707224467,"geometry":{"type":"Points"},"properties":{"title":"THE INK FACTORY","size":100,"icon":"marker-15","place":"Halle Tony Garnier","style":"Live","detailedStyle":"","time":1789729200000,"time_string":"undefined","description":"https://www.halle-tony-garnier.com/fr/programmation/the-ink-factory-7"}},{"type":"Feature","id":539711097945,"geometry":{"type":"Points"},"properties":{"title":"THE INK FACTORY","size":100,"icon":"marker-15","place":"Halle Tony Garnier","style":"Live","detailedStyle":"","time":1789804800000,"time_string":"undefined","description":"https://www.halle-tony-garnier.com/fr/programmation/the-ink-factory-8"}},{"type":"Feature","id":625099201974,"geometry":{"type":"Points"},"properties":{"title":"THE INK FACTORY","size":100,"icon":"marker-15","place":"Halle Tony Garnier","style":"Live","detailedStyle":"","time":1789891200000,"time_string":"undefined","description":"https://www.halle-tony-garnier.com/fr/programmation/the-ink-factory-9"}},{"type":"Feature","id":1653149489394,"geometry":{"type":"Points"},"properties":{"title":"THE WORLD OF QUEEN","size":100,"icon":"marker-15","place":"Halle Tony Garnier","style":"Live","detailedStyle":"","time":1790877600000,"time_string":"undefined","description":"https://www.halle-tony-garnier.com/fr/programmation/the-world-of-queen"}},{"type":"Feature","id":336354438666,"geometry":{"type":"Points"},"properties":{"title":"SOIREE D'OUVERTURE FESTIVAL LUMIERE","size":100,"icon":"marker-15","place":"Halle Tony Garnier","style":"Live","detailedStyle":"","time":1791648000000,"time_string":"undefined","description":"https://www.halle-tony-garnier.com/fr/programmation/soiree-d-ouverture-festival-lumiere"}},{"type":"Feature","id":1551035201490,"geometry":{"type":"Points"},"properties":{"title":"NUIT ENCORE X 23:59","size":100,"icon":"marker-15","place":"Halle Tony Garnier","style":"Live","detailedStyle":"","time":1792872000000,"time_string":"undefined","description":"https://www.halle-tony-garnier.com/fr/programmation/nuit-encore-x-23-59"}},{"type":"Feature","id":1748804199330,"geometry":{"type":"Points"},"properties":{"title":"SALON DES VIGNERONS INDEPENDANTS","size":100,"icon":"marker-15","place":"Halle Tony Garnier","style":"Live","detailedStyle":"","time":1793282400000,"time_string":"undefined","description":"https://www.halle-tony-garnier.com/fr/programmation/salon-des-vignerons-independants-6"}},{"type":"Feature","id":943388638729,"geometry":{"type":"Points"},"properties":{"title":"SALON DES VIGNERONS INDEPENDANTS","size":100,"icon":"marker-15","place":"Halle Tony Garnier","style":"Live","detailedStyle":"","time":1793350800000,"time_string":"undefined","description":"https://www.halle-tony-garnier.com/fr/programmation/salon-des-vignerons-independants-7"}},{"type":"Feature","id":459288734421,"geometry":{"type":"Points"},"properties":{"title":"SALON DES VIGNERONS INDEPENDANTS","size":100,"icon":"marker-15","place":"Halle Tony Garnier","style":"Live","detailedStyle":"","time":1793437200000,"time_string":"undefined","description":"https://www.halle-tony-garnier.com/fr/programmation/salon-des-vignerons-independants-8"}},{"type":"Feature","id":64836439811,"geometry":{"type":"Points"},"properties":{"title":"SALON DES VIGNERONS INDEPENDANTS","size":100,"icon":"marker-15","place":"Halle Tony Garnier","style":"Live","detailedStyle":"","time":1793523600000,"time_string":"undefined","description":"https://www.halle-tony-garnier.com/fr/programmation/salon-des-vignerons-independants-9"}},{"type":"Feature","id":999726374694,"geometry":{"type":"Points"},"properties":{"title":"DJADJA & DINAZ","size":100,"icon":"marker-15","place":"Halle Tony Garnier","style":"Live","detailedStyle":"","time":1793905200000,"time_string":"undefined","description":"https://www.halle-tony-garnier.com/fr/programmation/djadja-dinaz-2"}},{"type":"Feature","id":460230236840,"geometry":{"type":"Points"},"properties":{"title":"DJADJA & DINAZ","size":100,"icon":"marker-15","place":"Halle Tony Garnier","style":"Live","detailedStyle":"","time":1793991600000,"time_string":"undefined","description":"https://www.halle-tony-garnier.com/fr/programmation/djadja-dinaz-3"}},{"type":"Feature","id":426729053239,"geometry":{"type":"Points"},"properties":{"title":"JOSMAN","size":100,"icon":"marker-15","place":"Halle Tony Garnier","style":"Live","detailedStyle":"","time":1794078000000,"time_string":"undefined","description":"https://www.halle-tony-garnier.com/fr/programmation/josman-2"}},{"type":"Feature","id":398900135547,"geometry":{"type":"Points"},"properties":{"title":"THE WORLD OF HANS ZIMMER","size":100,"icon":"marker-15","place":"Halle Tony Garnier","style":"Live","detailedStyle":"","time":1794337200000,"time_string":"undefined","description":"https://www.halle-tony-garnier.com/fr/programmation/the-world-of-hans-zimmer-2"}},{"type":"Feature","id":1144952367924,"geometry":{"type":"Points"},"properties":{"title":"MALIK BENTALHA","size":100,"icon":"marker-15","place":"Halle Tony Garnier","style":"Live","detailedStyle":"","time":1794423600000,"time_string":"undefined","description":"https://www.halle-tony-garnier.com/fr/programmation/malik-bentalha-2"}},{"type":"Feature","id":311816899395,"geometry":{"type":"Points"},"properties":{"title":"L'HERITAGE GOLDMAN 2","size":100,"icon":"marker-15","place":"Halle Tony Garnier","style":"Live","detailedStyle":"","time":1795114800000,"time_string":"undefined","description":"https://www.halle-tony-garnier.com/fr/programmation/l-heritage-goldman-2-2"}},{"type":"Feature","id":893288743404,"geometry":{"type":"Points"},"properties":{"title":"disiz","size":100,"icon":"marker-15","place":"Halle Tony Garnier","style":"Live","detailedStyle":"","time":1796410800000,"time_string":"undefined","description":"https://www.halle-tony-garnier.com/fr/programmation/disiz"}},{"type":"Feature","id":1680655925599,"geometry":{"type":"Points"},"properties":{"title":"FACE2FACE ALL NIGHT LONG","size":100,"icon":"marker-15","place":"Halle Tony Garnier","style":"Live","detailedStyle":"","time":1797024600000,"time_string":"undefined","description":"https://www.halle-tony-garnier.com/fr/programmation/face2face-all-night-long"}},{"type":"Feature","id":1242407919352,"geometry":{"type":"Points"},"properties":{"title":"DISNEY EN CONCERT- SUIVEZ VOS REVES","size":100,"icon":"marker-15","place":"Halle Tony Garnier","style":"Live","detailedStyle":"","time":1797620400000,"time_string":"undefined","description":"https://www.halle-tony-garnier.com/fr/programmation/disney-en-concert-suivez-vos-reves"}},{"type":"Feature","id":1537129882492,"geometry":{"type":"Points"},"properties":{"title":"GOLDMEN - CONCERT 100 % GOLDMAN","size":100,"icon":"marker-15","place":"Halle Tony Garnier","style":"Live","detailedStyle":"","time":1799434800000,"time_string":"undefined","description":"https://www.halle-tony-garnier.com/fr/programmation/goldmen-concert-100-goldman"}},{"type":"Feature","id":293378623444,"geometry":{"type":"Points"},"properties":{"title":"HARRY POTTER ET LE PRINCE DE SANG-MÉLÉ","size":100,"icon":"marker-15","place":"Halle Tony Garnier","style":"Live","detailedStyle":"","time":1799521200000,"time_string":"undefined","description":"https://www.halle-tony-garnier.com/fr/programmation/harry-potter-et-le-prince-de-sang-mele"}},{"type":"Feature","id":525218492529,"geometry":{"type":"Points"},"properties":{"title":"ONE NIGHT OF QUEEN","size":100,"icon":"marker-15","place":"Halle Tony Garnier","style":"Live","detailedStyle":"","time":1799866800000,"time_string":"undefined","description":"https://www.halle-tony-garnier.com/fr/programmation/one-night-of-queen-2"}},{"type":"Feature","id":569079618901,"geometry":{"type":"Points"},"properties":{"title":"LES CHEVALIERS DU FIEL","size":100,"icon":"marker-15","place":"Halle Tony Garnier","style":"Live","detailedStyle":"","time":1799953200000,"time_string":"undefined","description":"https://www.halle-tony-garnier.com/fr/programmation/les-chevaliers-du-fiel-2"}},{"type":"Feature","id":678968665481,"geometry":{"type":"Points"},"properties":{"title":"LION, LE ROI EST DE RETOUR","size":100,"icon":"marker-15","place":"Halle Tony Garnier","style":"Live","detailedStyle":"","time":1800108000000,"time_string":"undefined","description":"https://www.halle-tony-garnier.com/fr/programmation/lion-le-roi-est-de-retour"}},{"type":"Feature","id":1041965758430,"geometry":{"type":"Points"},"properties":{"title":"OLIVIER DE BENOIST","size":100,"icon":"marker-15","place":"Halle Tony Garnier","style":"Live","detailedStyle":"","time":1800127800000,"time_string":"undefined","description":"https://www.halle-tony-garnier.com/fr/programmation/olivier-de-benoist"}},{"type":"Feature","id":681252305601,"geometry":{"type":"Points"},"properties":{"title":"CLEMENT VIKTOROVITCH","size":100,"icon":"marker-15","place":"Halle Tony Garnier","style":"Live","detailedStyle":"","time":1800385200000,"time_string":"undefined","description":"https://www.halle-tony-garnier.com/fr/programmation/clement-viktorovitch"}},{"type":"Feature","id":272327492395,"geometry":{"type":"Points"},"properties":{"title":"DISNEY SUR GLACE - LE VOYAGE ENCHANTE","size":100,"icon":"marker-15","place":"Halle Tony Garnier","style":"Live","detailedStyle":"","time":1801054800000,"time_string":"undefined","description":"https://www.halle-tony-garnier.com/fr/programmation/disney-sur-glace-le-voyage-enchante"}},{"type":"Feature","id":782867588157,"geometry":{"type":"Points"},"properties":{"title":"DISNEY SUR GLACE - LE VOYAGE ENCHANTE","size":100,"icon":"marker-15","place":"Halle Tony Garnier","style":"Live","detailedStyle":"","time":1801067400000,"time_string":"undefined","description":"https://www.halle-tony-garnier.com/fr/programmation/disney-sur-glace-le-voyage-enchante-2"}},{"type":"Feature","id":604577059134,"geometry":{"type":"Points"},"properties":{"title":"DISNEY SUR GLACE - LE VOYAGE ENCHANTE","size":100,"icon":"marker-15","place":"Halle Tony Garnier","style":"Live","detailedStyle":"","time":1801247400000,"time_string":"undefined","description":"https://www.halle-tony-garnier.com/fr/programmation/disney-sur-glace-le-voyage-enchante-3"}},{"type":"Feature","id":490141652079,"geometry":{"type":"Points"},"properties":{"title":"DISNEY SUR GLACE - LE VOYAGE ENCHANTE","size":100,"icon":"marker-15","place":"Halle Tony Garnier","style":"Live","detailedStyle":"","time":1801300500000,"time_string":"undefined","description":"https://www.halle-tony-garnier.com/fr/programmation/disney-sur-glace-le-voyage-enchante-4"}},{"type":"Feature","id":1253099862465,"geometry":{"type":"Points"},"properties":{"title":"DISNEY SUR GLACE - LE VOYAGE ENCHANTE","size":100,"icon":"marker-15","place":"Halle Tony Garnier","style":"Live","detailedStyle":"","time":1801314000000,"time_string":"undefined","description":"https://www.halle-tony-garnier.com/fr/programmation/disney-sur-glace-le-voyage-enchante-5"}},{"type":"Feature","id":1517195467169,"geometry":{"type":"Points"},"properties":{"title":"DISNEY SUR GLACE - LE VOYAGE ENCHANTE","size":100,"icon":"marker-15","place":"Halle Tony Garnier","style":"Live","detailedStyle":"","time":1801326600000,"time_string":"undefined","description":"https://www.halle-tony-garnier.com/fr/programmation/disney-sur-glace-le-voyage-enchante-6"}},{"type":"Feature","id":707271633524,"geometry":{"type":"Points"},"properties":{"title":"DISNEY SUR GLACE - LE VOYAGE ENCHANTE","size":100,"icon":"marker-15","place":"Halle Tony Garnier","style":"Live","detailedStyle":"","time":1801386900000,"time_string":"undefined","description":"https://www.halle-tony-garnier.com/fr/programmation/disney-sur-glace-le-voyage-enchante-7"}},{"type":"Feature","id":818385685696,"geometry":{"type":"Points"},"properties":{"title":"DISNEY SUR GLACE - LE VOYAGE ENCHANTE","size":100,"icon":"marker-15","place":"Halle Tony Garnier","style":"Live","detailedStyle":"","time":1801400400000,"time_string":"undefined","description":"https://www.halle-tony-garnier.com/fr/programmation/disney-sur-glace-le-voyage-enchante-8"}},{"type":"Feature","id":833951952370,"geometry":{"type":"Points"},"properties":{"title":"FOREVER - TRIBUTE MICHAEL JACKSON","size":100,"icon":"marker-15","place":"Halle Tony Garnier","style":"Live","detailedStyle":"","time":1801594800000,"time_string":"undefined","description":"https://www.halle-tony-garnier.com/fr/programmation/forever-tribute-michael-jackson"}},{"type":"Feature","id":1141095630871,"geometry":{"type":"Points"},"properties":{"title":"ALDEBERT","size":100,"icon":"marker-15","place":"Halle Tony Garnier","style":"Live","detailedStyle":"","time":1801922400000,"time_string":"undefined","description":"https://www.halle-tony-garnier.com/fr/programmation/aldebert-3"}},{"type":"Feature","id":623435878546,"geometry":{"type":"Points"},"properties":{"title":"SQUARE ENIX","size":100,"icon":"marker-15","place":"Halle Tony Garnier","style":"Live","detailedStyle":"","time":1802019600000,"time_string":"undefined","description":"https://www.halle-tony-garnier.com/fr/programmation/square-enix"}},{"type":"Feature","id":392774865091,"geometry":{"type":"Points"},"properties":{"title":"NAWELL MADANI","size":100,"icon":"marker-15","place":"Halle Tony Garnier","style":"Live","detailedStyle":"","time":1802286000000,"time_string":"undefined","description":"https://www.halle-tony-garnier.com/fr/programmation/nawell-madani"}},{"type":"Feature","id":332486731689,"geometry":{"type":"Points"},"properties":{"title":"HOLIDAY ON ICE - CINEMA OF DREAMS","size":100,"icon":"marker-15","place":"Halle Tony Garnier","style":"Live","detailedStyle":"","time":1803061800000,"time_string":"undefined","description":"https://www.halle-tony-garnier.com/fr/programmation/holiday-on-ice-cinema-of-dreams"}},{"type":"Feature","id":500806124150,"geometry":{"type":"Points"},"properties":{"title":"HOLIDAY ON ICE - CINEMA OF DREAMS","size":100,"icon":"marker-15","place":"Halle Tony Garnier","style":"Live","detailedStyle":"","time":1803128400000,"time_string":"undefined","description":"https://www.halle-tony-garnier.com/fr/programmation/holiday-on-ice-cinema-of-dreams-2"}},{"type":"Feature","id":932251770535,"geometry":{"type":"Points"},"properties":{"title":"HOLIDAY ON ICE - CINEMA OF DREAMS","size":100,"icon":"marker-15","place":"Halle Tony Garnier","style":"Live","detailedStyle":"","time":1803141000000,"time_string":"undefined","description":"https://www.halle-tony-garnier.com/fr/programmation/holiday-on-ice-cinema-of-dreams-3"}},{"type":"Feature","id":714460809634,"geometry":{"type":"Points"},"properties":{"title":"HOLIDAY ON ICE - CINEMA OF DREAMS","size":100,"icon":"marker-15","place":"Halle Tony Garnier","style":"Live","detailedStyle":"","time":1803211200000,"time_string":"undefined","description":"https://www.halle-tony-garnier.com/fr/programmation/holiday-on-ice-cinema-of-dreams-4"}},{"type":"Feature","id":228275231663,"geometry":{"type":"Points"},"properties":{"title":"HOLIDAY ON ICE - CINEMA OF DREAMS","size":100,"icon":"marker-15","place":"Halle Tony Garnier","style":"Live","detailedStyle":"","time":1803223800000,"time_string":"undefined","description":"https://www.halle-tony-garnier.com/fr/programmation/holiday-on-ice-cinema-of-dreams-5"}},{"type":"Feature","id":471507080857,"geometry":{"type":"Points"},"properties":{"title":"MARINE","size":100,"icon":"marker-15","place":"Halle Tony Garnier","style":"Live","detailedStyle":"","time":1804273200000,"time_string":"undefined","description":"https://www.halle-tony-garnier.com/fr/programmation/marine"}},{"type":"Feature","id":148106250254,"geometry":{"type":"Points"},"properties":{"title":"LES ANNEES 80","size":100,"icon":"marker-15","place":"Halle Tony Garnier","style":"Live","detailedStyle":"","time":1804359600000,"time_string":"undefined","description":"https://www.halle-tony-garnier.com/fr/programmation/les-annees-80-2"}},{"type":"Feature","id":350611587977,"geometry":{"type":"Points"},"properties":{"title":"BERNARD LAVILLIERS","size":100,"icon":"marker-15","place":"Halle Tony Garnier","style":"Live","detailedStyle":"","time":1805310000000,"time_string":"undefined","description":"https://www.halle-tony-garnier.com/fr/programmation/bernard-lavilliers"}},{"type":"Feature","id":155870487405,"geometry":{"type":"Points"},"properties":{"title":"MICHELE LAROQUE & KAD MERAD - L'AGE BETE","size":100,"icon":"marker-15","place":"Halle Tony Garnier","style":"Live","detailedStyle":"","time":1805482800000,"time_string":"undefined","description":"https://www.halle-tony-garnier.com/fr/programmation/michele-laroque-kad-merad-l-age-bete"}},{"type":"Feature","id":844638489915,"geometry":{"type":"Points"},"properties":{"title":"500 VOIX POUR JOHNNY","size":100,"icon":"marker-15","place":"Halle Tony Garnier","style":"Live","detailedStyle":"","time":1805569200000,"time_string":"undefined","description":"https://www.halle-tony-garnier.com/fr/programmation/500-voix-pour-johnny"}},{"type":"Feature","id":1718446832023,"geometry":{"type":"Points"},"properties":{"title":"PATRICK FIORI","size":100,"icon":"marker-15","place":"Halle Tony Garnier","style":"Live","detailedStyle":"","time":1806775200000,"time_string":"undefined","description":"https://www.halle-tony-garnier.com/fr/programmation/patrick-fiori-2"}},{"type":"Feature","id":192736256229,"geometry":{"type":"Points"},"properties":{"title":"GLORIOUS","size":100,"icon":"marker-15","place":"Halle Tony Garnier","style":"Live","detailedStyle":"","time":1806854400000,"time_string":"undefined","description":"https://www.halle-tony-garnier.com/fr/programmation/glorious"}},{"type":"Feature","id":1355199823564,"geometry":{"type":"Points"},"properties":{"title":"STAR WARS IN CONCERT : UN NOUVEL ESPOIR","size":100,"icon":"marker-15","place":"Halle Tony Garnier","style":"Live","detailedStyle":"","time":1807380000000,"time_string":"undefined","description":"https://www.halle-tony-garnier.com/fr/programmation/star-wars-in-concert-un-nouvel-espoir"}},{"type":"Feature","id":1408106136208,"geometry":{"type":"Points"},"properties":{"title":"SUZANE","size":100,"icon":"marker-15","place":"Halle Tony Garnier","style":"Live","detailedStyle":"","time":1810663200000,"time_string":"undefined","description":"https://www.halle-tony-garnier.com/fr/programmation/suzane"}},{"type":"Feature","id":696773919906,"geometry":{"type":"Points"},"properties":{"title":"GENERATION CELINE","size":100,"icon":"marker-15","place":"Halle Tony Garnier","style":"Live","detailedStyle":"","time":1822240800000,"time_string":"undefined","description":"https://www.halle-tony-garnier.com/fr/programmation/generation-celine-2"}},{"type":"Feature","id":172447345367,"geometry":{"type":"Points"},"properties":{"title":"LA RUE KÉTANOU","size":100,"icon":"marker-15","place":"Halle Tony Garnier","style":"Live","detailedStyle":"","time":1822413600000,"time_string":"undefined","description":"https://www.halle-tony-garnier.com/fr/programmation/la-rue-ketanou"}},{"type":"Feature","id":123981426879,"geometry":{"type":"Points"},"properties":{"title":"SALUT LES COPAINS - LA TOURNEE","size":100,"icon":"marker-15","place":"Halle Tony Garnier","style":"Live","detailedStyle":"","time":1826544600000,"time_string":"undefined","description":"https://www.halle-tony-garnier.com/fr/programmation/salut-les-copains-la-tournee"}},{"type":"Feature","id":113607430099,"geometry":{"type":"Points"},"properties":{"title":"I GOTTA FEELING – SAISON 3","size":100,"icon":"marker-15","place":"Halle Tony Garnier","style":"Live","detailedStyle":"","time":1826564400000,"time_string":"undefined","description":"https://www.halle-tony-garnier.com/fr/programmation/i-gotta-feeling-saison-3"}},{"type":"Feature","id":833593871269,"geometry":{"type":"Points"},"properties":{"title":"GAEL FAYE","size":100,"icon":"marker-15","place":"Halle Tony Garnier","style":"Live","detailedStyle":"","time":1827342000000,"time_string":"undefined","description":"https://www.halle-tony-garnier.com/fr/programmation/gael-faye"}},{"type":"Feature","id":955425448602,"geometry":{"type":"Points"},"properties":{"title":"PHILIPPE CAVERIVIERE","size":100,"icon":"marker-15","place":"Halle Tony Garnier","style":"Live","detailedStyle":"","time":1828465200000,"time_string":"undefined","description":"https://www.halle-tony-garnier.com/fr/programmation/philippe-caveriviere"}},{"type":"Feature","id":1810692136039,"geometry":{"type":"Points"},"properties":{"title":"FESTIVAL MONDIAL DE LA MAGIE","size":100,"icon":"marker-15","place":"Halle Tony Garnier","style":"Live","detailedStyle":"","time":1831489200000,"time_string":"undefined","description":"https://www.halle-tony-garnier.com/fr/programmation/festival-mondial-de-la-magie"}},{"type":"Feature","id":804297093758,"geometry":{"type":"Points"},"properties":{"title":"ERA","size":100,"icon":"marker-15","place":"Halle Tony Garnier","style":"Live","detailedStyle":"","time":1835550000000,"time_string":"undefined","description":"https://www.halle-tony-garnier.com/fr/programmation/era-2"}},{"type":"Feature","id":824673752883,"geometry":{"type":"Points"},"properties":{"title":"KINGDOMS CATCH MANIA","size":100,"icon":"marker-15","place":"La Rayonne","style":"Live","detailedStyle":"","time":1789232400000,"time_string":"undefined","description":"https://larayonne.org/evenement/kingdoms-catch-mania/"}},{"type":"Feature","id":397928735532,"geometry":{"type":"Points"},"properties":{"title":"Mieux appréhender les réseaux sociaux","size":100,"icon":"marker-15","place":"La Rayonne","style":"Live","detailedStyle":"","time":1789489800000,"time_string":"undefined","description":"https://larayonne.org/evenement/mieux-apprhender-les-rseaux-sociaux-exemplaire/"}},{"type":"Feature","id":988180738155,"geometry":{"type":"Points"},"properties":{"title":"Mieux appréhender les réseaux sociaux","size":100,"icon":"marker-15","place":"La Rayonne","style":"Live","detailedStyle":"","time":1789498800000,"time_string":"undefined","description":"https://larayonne.org/evenement/mieux-apprhender-les-rseaux-sociaux-exemplaire/"}},{"type":"Feature","id":1622145124954,"geometry":{"type":"Points"},"properties":{"title":"Définir sa stratégie de diffusion","size":100,"icon":"marker-15","place":"La Rayonne","style":"Live","detailedStyle":"","time":1790092800000,"time_string":"undefined","description":"https://larayonne.org/evenement/dfinir-sa-stratgie-de-diffusion/"}},{"type":"Feature","id":1568929530329,"geometry":{"type":"Points"},"properties":{"title":"Définir sa stratégie de diffusion","size":100,"icon":"marker-15","place":"La Rayonne","style":"Live","detailedStyle":"","time":1790100000000,"time_string":"undefined","description":"https://larayonne.org/evenement/dfinir-sa-stratgie-de-diffusion/"}},{"type":"Feature","id":794688466715,"geometry":{"type":"Points"},"properties":{"title":"Comprendre les principales aides à l'emploi dans le spectacle vivant","size":100,"icon":"marker-15","place":"La Rayonne","style":"Live","detailedStyle":"","time":1790267400000,"time_string":"undefined","description":"https://larayonne.org/evenement/comprendre-les-principales-aides-a-lemploi-dans-le-spectacle-vivant/"}},{"type":"Feature","id":1432322112644,"geometry":{"type":"Points"},"properties":{"title":"Comprendre les principales aides à l'emploi dans le spectacle vivant","size":100,"icon":"marker-15","place":"La Rayonne","style":"Live","detailedStyle":"","time":1790274600000,"time_string":"undefined","description":"https://larayonne.org/evenement/comprendre-les-principales-aides-a-lemploi-dans-le-spectacle-vivant/"}},{"type":"Feature","id":19260931489,"geometry":{"type":"Points"},"properties":{"title":"Elaborer un dossier de diffusion","size":100,"icon":"marker-15","place":"La Rayonne","style":"Live","detailedStyle":"","time":1790697600000,"time_string":"undefined","description":"https://larayonne.org/evenement/elaborer-un-dossier-de-diffusion/"}},{"type":"Feature","id":1007038183723,"geometry":{"type":"Points"},"properties":{"title":"Elaborer un dossier de diffusion","size":100,"icon":"marker-15","place":"La Rayonne","style":"Live","detailedStyle":"","time":1790704800000,"time_string":"undefined","description":"https://larayonne.org/evenement/elaborer-un-dossier-de-diffusion/"}},{"type":"Feature","id":270974004662,"geometry":{"type":"Points"},"properties":{"title":"Formaliser sa production artistique","size":100,"icon":"marker-15","place":"La Rayonne","style":"Live","detailedStyle":"","time":1790866800000,"time_string":"undefined","description":"https://larayonne.org/evenement/formaliser-sa-production-artistique-3/"}},{"type":"Feature","id":1682514393054,"geometry":{"type":"Points"},"properties":{"title":"Formaliser sa production artistique","size":100,"icon":"marker-15","place":"La Rayonne","style":"Live","detailedStyle":"","time":1790875800000,"time_string":"undefined","description":"https://larayonne.org/evenement/formaliser-sa-production-artistique-3/"}},{"type":"Feature","id":1645112097182,"geometry":{"type":"Points"},"properties":{"title":"Mentissa","size":100,"icon":"marker-15","place":"La Rayonne","style":"Live","detailedStyle":"","time":1791046800000,"time_string":"undefined","description":"https://larayonne.org/evenement/mentissa/"}},{"type":"Feature","id":1475379512719,"geometry":{"type":"Points"},"properties":{"title":"Construire son budget de production pour son projet artistique","size":100,"icon":"marker-15","place":"La Rayonne","style":"Live","detailedStyle":"","time":1791298800000,"time_string":"undefined","description":"https://larayonne.org/evenement/construire-son-budget-de-production-pour-son-projet-artistique/"}},{"type":"Feature","id":477326236953,"geometry":{"type":"Points"},"properties":{"title":"Construire son budget de production pour son projet artistique","size":100,"icon":"marker-15","place":"La Rayonne","style":"Live","detailedStyle":"","time":1791309600000,"time_string":"undefined","description":"https://larayonne.org/evenement/construire-son-budget-de-production-pour-son-projet-artistique/"}},{"type":"Feature","id":765064419929,"geometry":{"type":"Points"},"properties":{"title":"Didier Super Metal","size":100,"icon":"marker-15","place":"La Rayonne","style":"Live","detailedStyle":"","time":1791475200000,"time_string":"undefined","description":"https://larayonne.org/evenement/didier-super-metal/"}},{"type":"Feature","id":523737355785,"geometry":{"type":"Points"},"properties":{"title":"Swing","size":100,"icon":"marker-15","place":"La Rayonne","style":"Live","detailedStyle":"","time":1791565200000,"time_string":"undefined","description":"https://larayonne.org/evenement/swing/"}},{"type":"Feature","id":1108529553075,"geometry":{"type":"Points"},"properties":{"title":"L'emploi dans le spectacle vivant","size":100,"icon":"marker-15","place":"La Rayonne","style":"Live","detailedStyle":"","time":1791909000000,"time_string":"undefined","description":"https://larayonne.org/evenement/lemploi-dans-le-spectacle-vivant-2/"}},{"type":"Feature","id":1232922057785,"geometry":{"type":"Points"},"properties":{"title":"L'emploi dans le spectacle vivant","size":100,"icon":"marker-15","place":"La Rayonne","style":"Live","detailedStyle":"","time":1791918000000,"time_string":"undefined","description":"https://larayonne.org/evenement/lemploi-dans-le-spectacle-vivant-2/"}},{"type":"Feature","id":1301399521280,"geometry":{"type":"Points"},"properties":{"title":"FAKEAR","size":100,"icon":"marker-15","place":"La Rayonne","style":"Live","detailedStyle":"","time":1791997200000,"time_string":"undefined","description":"https://larayonne.org/evenement/fakear/"}},{"type":"Feature","id":1096076522491,"geometry":{"type":"Points"},"properties":{"title":"La gestion de la paie dans le spectacle vivant","size":100,"icon":"marker-15","place":"La Rayonne","style":"Live","detailedStyle":"","time":1792081800000,"time_string":"undefined","description":"https://larayonne.org/evenement/la-gestion-de-la-paie-dans-le-spectacle-vivant-2/"}},{"type":"Feature","id":862848697776,"geometry":{"type":"Points"},"properties":{"title":"La gestion de la paie dans le spectacle vivant","size":100,"icon":"marker-15","place":"La Rayonne","style":"Live","detailedStyle":"","time":1792090800000,"time_string":"undefined","description":"https://larayonne.org/evenement/la-gestion-de-la-paie-dans-le-spectacle-vivant-2/"}},{"type":"Feature","id":1786323457958,"geometry":{"type":"Points"},"properties":{"title":"Chinese Man Records Party : BOLD feat YOUTHSTAR + RUMBLE + THA TRICKAZ","size":100,"icon":"marker-15","place":"La Rayonne","style":"Live","detailedStyle":"","time":1792170000000,"time_string":"undefined","description":"https://larayonne.org/evenement/chinese-man-records-party-bold-feat-youthstar-rumble-tha-trickaz/"}},{"type":"Feature","id":810724434648,"geometry":{"type":"Points"},"properties":{"title":"VEN1","size":100,"icon":"marker-15","place":"La Rayonne","style":"Live","detailedStyle":"","time":1792256400000,"time_string":"undefined","description":"https://larayonne.org/evenement/ven1/"}},{"type":"Feature","id":515622959955,"geometry":{"type":"Points"},"properties":{"title":"YoungBlood Brass Band","size":100,"icon":"marker-15","place":"La Rayonne","style":"Live","detailedStyle":"","time":1792429200000,"time_string":"undefined","description":"https://larayonne.org/evenement/youngblood-brass-band/"}},{"type":"Feature","id":940952934964,"geometry":{"type":"Points"},"properties":{"title":"Glory Hammer + Majestica + Arion","size":100,"icon":"marker-15","place":"La Rayonne","style":"Live","detailedStyle":"","time":1792598400000,"time_string":"undefined","description":"https://larayonne.org/evenement/glory-hammer-majestica-arion/"}},{"type":"Feature","id":727030910150,"geometry":{"type":"Points"},"properties":{"title":"FOREVER NU! - Tribute to System of a Down, Slipknot, Machine Head & Papa Roach","size":100,"icon":"marker-15","place":"La Rayonne","style":"Live","detailedStyle":"","time":1792688400000,"time_string":"undefined","description":"https://larayonne.org/evenement/forever-nu-tribute-to-system-of-a-down-slipknot-machine-head-papa-roach/"}},{"type":"Feature","id":435131298486,"geometry":{"type":"Points"},"properties":{"title":"Myrath","size":100,"icon":"marker-15","place":"La Rayonne","style":"Live","detailedStyle":"","time":1793210400000,"time_string":"undefined","description":"https://larayonne.org/evenement/myrath/"}},{"type":"Feature","id":64147374703,"geometry":{"type":"Points"},"properties":{"title":"Construire un budget et un plan de trésorerie : atelier théorique (1/2)","size":100,"icon":"marker-15","place":"La Rayonne","style":"Live","detailedStyle":"","time":1793898000000,"time_string":"undefined","description":"https://larayonne.org/evenement/construire-un-budget-et-un-plan-de-tresorerie-atelier-theorique-1-2-2/"}},{"type":"Feature","id":235896661109,"geometry":{"type":"Points"},"properties":{"title":"Construire un budget et un plan de trésorerie : atelier théorique (1/2)","size":100,"icon":"marker-15","place":"La Rayonne","style":"Live","detailedStyle":"","time":1793907000000,"time_string":"undefined","description":"https://larayonne.org/evenement/construire-un-budget-et-un-plan-de-tresorerie-atelier-theorique-1-2-2/"}},{"type":"Feature","id":1270740633860,"geometry":{"type":"Points"},"properties":{"title":"ZELIE","size":100,"icon":"marker-15","place":"La Rayonne","style":"Live","detailedStyle":"","time":1793988000000,"time_string":"undefined","description":"https://larayonne.org/evenement/zelie/"}},{"type":"Feature","id":1748862730430,"geometry":{"type":"Points"},"properties":{"title":"Kamelot + Exit Eden + Temperance","size":100,"icon":"marker-15","place":"La Rayonne","style":"Live","detailedStyle":"","time":1794074400000,"time_string":"undefined","description":"https://larayonne.org/evenement/kamelot-exit-eden-temperance/"}},{"type":"Feature","id":1096666476669,"geometry":{"type":"Points"},"properties":{"title":"Little Big","size":100,"icon":"marker-15","place":"La Rayonne","style":"Live","detailedStyle":"","time":1794247200000,"time_string":"undefined","description":"https://larayonne.org/evenement/little-big/"}},{"type":"Feature","id":892815777152,"geometry":{"type":"Points"},"properties":{"title":"IMPERICON FESTIVAL 2026 : Death Dominion avec Carnifex + Despised Icon + Suffocation + Gates to hell","size":100,"icon":"marker-15","place":"La Rayonne","style":"Live","detailedStyle":"","time":1794330000000,"time_string":"undefined","description":"https://larayonne.org/evenement/impericon-festival-2026-death-dominion-avec-carnifex-despised-icon-suffocation-gates-to-hell/"}},{"type":"Feature","id":1169445854727,"geometry":{"type":"Points"},"properties":{"title":"LUIZA","size":100,"icon":"marker-15","place":"La Rayonne","style":"Live","detailedStyle":"","time":1794420000000,"time_string":"undefined","description":"https://larayonne.org/evenement/luiza/"}},{"type":"Feature","id":1614759149409,"geometry":{"type":"Points"},"properties":{"title":"Emma","size":100,"icon":"marker-15","place":"La Rayonne","style":"Live","detailedStyle":"","time":1794592800000,"time_string":"undefined","description":"https://larayonne.org/evenement/emma/"}},{"type":"Feature","id":1153372829250,"geometry":{"type":"Points"},"properties":{"title":"COMPLET // Nono La Grinta","size":100,"icon":"marker-15","place":"La Rayonne","style":"Live","detailedStyle":"","time":1794679200000,"time_string":"undefined","description":"https://larayonne.org/evenement/nono-la-grinta/"}},{"type":"Feature","id":1475445931419,"geometry":{"type":"Points"},"properties":{"title":"THE LOCOS","size":100,"icon":"marker-15","place":"La Rayonne","style":"Live","detailedStyle":"","time":1795024800000,"time_string":"undefined","description":"https://larayonne.org/evenement/the-locos/"}},{"type":"Feature","id":199632673208,"geometry":{"type":"Points"},"properties":{"title":"JAVA + WINSTON MCANUFF","size":100,"icon":"marker-15","place":"La Rayonne","style":"Live","detailedStyle":"","time":1795111200000,"time_string":"undefined","description":"https://larayonne.org/evenement/java-winston-mcanuff/"}},{"type":"Feature","id":1599663039755,"geometry":{"type":"Points"},"properties":{"title":"Elmer Food Beat","size":100,"icon":"marker-15","place":"La Rayonne","style":"Live","detailedStyle":"","time":1795197600000,"time_string":"undefined","description":"https://larayonne.org/evenement/elmer-food-beat/"}},{"type":"Feature","id":328014883772,"geometry":{"type":"Points"},"properties":{"title":"Zebrahead + Punk Rock Factory","size":100,"icon":"marker-15","place":"La Rayonne","style":"Live","detailedStyle":"","time":1795280400000,"time_string":"undefined","description":"https://larayonne.org/evenement/zebrahead-punk-rock-factory/"}},{"type":"Feature","id":875957674669,"geometry":{"type":"Points"},"properties":{"title":"Mettre en place une comptabilité pour les petites associations","size":100,"icon":"marker-15","place":"La Rayonne","style":"Live","detailedStyle":"","time":1795537800000,"time_string":"undefined","description":"https://larayonne.org/evenement/mettre-en-place-une-comptabilite-pour-les-petites-associations-6/"}},{"type":"Feature","id":373440276413,"geometry":{"type":"Points"},"properties":{"title":"Mettre en place une comptabilité pour les petites associations","size":100,"icon":"marker-15","place":"La Rayonne","style":"Live","detailedStyle":"","time":1795548600000,"time_string":"undefined","description":"https://larayonne.org/evenement/mettre-en-place-une-comptabilite-pour-les-petites-associations-6/"}},{"type":"Feature","id":1151237974922,"geometry":{"type":"Points"},"properties":{"title":"Robert Finley","size":100,"icon":"marker-15","place":"La Rayonne","style":"Live","detailedStyle":"","time":1795543200000,"time_string":"undefined","description":"https://larayonne.org/evenement/robert-finley/"}},{"type":"Feature","id":1041403619129,"geometry":{"type":"Points"},"properties":{"title":"LADANIVA","size":100,"icon":"marker-15","place":"La Rayonne","style":"Live","detailedStyle":"","time":1795716000000,"time_string":"undefined","description":"https://larayonne.org/evenement/ladaniva/"}},{"type":"Feature","id":1506737967381,"geometry":{"type":"Points"},"properties":{"title":"PIERPOLJAK","size":100,"icon":"marker-15","place":"La Rayonne","style":"Live","detailedStyle":"","time":1795802400000,"time_string":"undefined","description":"https://larayonne.org/evenement/pierpoljak/"}},{"type":"Feature","id":245511277317,"geometry":{"type":"Points"},"properties":{"title":"GIRLS IN HAWAII","size":100,"icon":"marker-15","place":"La Rayonne","style":"Live","detailedStyle":"","time":1795888800000,"time_string":"undefined","description":"https://larayonne.org/evenement/girls-in-hawaii/"}},{"type":"Feature","id":278105063623,"geometry":{"type":"Points"},"properties":{"title":"Construire un budget et un plan de trésorerie : atelier pratique (2/2)","size":100,"icon":"marker-15","place":"La Rayonne","style":"Live","detailedStyle":"","time":1796304600000,"time_string":"undefined","description":"https://larayonne.org/evenement/construire-un-budget-et-un-plan-de-tresorerie-atelier-pratique-2-2-2/"}},{"type":"Feature","id":759305476859,"geometry":{"type":"Points"},"properties":{"title":"Construire un budget et un plan de trésorerie : atelier pratique (2/2)","size":100,"icon":"marker-15","place":"La Rayonne","style":"Live","detailedStyle":"","time":1796315400000,"time_string":"undefined","description":"https://larayonne.org/evenement/construire-un-budget-et-un-plan-de-tresorerie-atelier-pratique-2-2-2/"}},{"type":"Feature","id":451144164246,"geometry":{"type":"Points"},"properties":{"title":"Les Tambours du Bronx + Sidilarsen","size":100,"icon":"marker-15","place":"La Rayonne","style":"Live","detailedStyle":"","time":1796490000000,"time_string":"undefined","description":"https://larayonne.org/evenement/tambours-du-bronx-sidilarsen/"}},{"type":"Feature","id":30413740935,"geometry":{"type":"Points"},"properties":{"title":"BILAL HASSANI","size":100,"icon":"marker-15","place":"La Rayonne","style":"Live","detailedStyle":"","time":1797098400000,"time_string":"undefined","description":"https://larayonne.org/evenement/bilal-hassani/"}},{"type":"Feature","id":1019558399170,"geometry":{"type":"Points"},"properties":{"title":"DJ PONE & friends","size":100,"icon":"marker-15","place":"La Rayonne","style":"Live","detailedStyle":"","time":1797616800000,"time_string":"undefined","description":"https://larayonne.org/evenement/pone-friends/"}},{"type":"Feature","id":83129461672,"geometry":{"type":"Points"},"properties":{"title":"Once Upon a time - David Bowie","size":100,"icon":"marker-15","place":"La Rayonne","style":"Live","detailedStyle":"","time":1799604000000,"time_string":"undefined","description":"https://larayonne.org/evenement/12833-2/"}},{"type":"Feature","id":59060432842,"geometry":{"type":"Points"},"properties":{"title":"Orden Ogan","size":100,"icon":"marker-15","place":"La Rayonne","style":"Live","detailedStyle":"","time":1800464400000,"time_string":"undefined","description":"https://larayonne.org/evenement/orden-ogan/"}},{"type":"Feature","id":1570999935950,"geometry":{"type":"Points"},"properties":{"title":"VULVES ASSASSINES & POÉSIE ZÉRO + CITRON SUCRÉ","size":100,"icon":"marker-15","place":"La Rayonne","style":"Live","detailedStyle":"","time":1800640800000,"time_string":"undefined","description":"https://larayonne.org/evenement/vulves-assassines-poesie-zero-citron-sucre/"}},{"type":"Feature","id":1018370548519,"geometry":{"type":"Points"},"properties":{"title":"WHITECHAPEL + SYLOSIS + 200 STAB WOUNDS + TRIBAL GAZE","size":100,"icon":"marker-15","place":"La Rayonne","style":"Live","detailedStyle":"","time":1802023200000,"time_string":"undefined","description":"https://larayonne.org/evenement/whitechapel-sylosis-200-stab-wounds-tribal-gaze/"}},{"type":"Feature","id":305647943766,"geometry":{"type":"Points"},"properties":{"title":"The Rasmus","size":100,"icon":"marker-15","place":"La Rayonne","style":"Live","detailedStyle":"","time":1802455200000,"time_string":"undefined","description":"https://larayonne.org/evenement/the-rasmus/"}},{"type":"Feature","id":252402220429,"geometry":{"type":"Points"},"properties":{"title":"SLEEPING WITH SIRENS","size":100,"icon":"marker-15","place":"La Rayonne","style":"Live","detailedStyle":"","time":1802973600000,"time_string":"undefined","description":"https://larayonne.org/evenement/sleeping-with-sirens/"}},{"type":"Feature","id":367212693459,"geometry":{"type":"Points"},"properties":{"title":"JORDAN RAKEI","size":100,"icon":"marker-15","place":"La Rayonne","style":"Live","detailedStyle":"","time":1807290000000,"time_string":"undefined","description":"https://larayonne.org/evenement/jordan-rakei/"}},{"type":"Feature","id":436865451857,"geometry":{"type":"Points"},"properties":{"title":"YANNS","size":100,"icon":"marker-15","place":"Radiant-Bellevue","style":"Live","detailedStyle":"Musique","time":1789164000000,"time_string":"undefined","description":"https://radiant-bellevue.fr/spectacles/yanns/"}},{"type":"Feature","id":622399933028,"geometry":{"type":"Points"},"properties":{"title":"Quatuor Leonis","size":100,"icon":"marker-15","place":"Radiant-Bellevue","style":"Live","detailedStyle":"Musique - Humour","time":1789855200000,"time_string":"undefined","description":"https://radiant-bellevue.fr/spectacles/quatuor-leonis/"}},{"type":"Feature","id":289976850326,"geometry":{"type":"Points"},"properties":{"title":"MARION MEZADORIAN","size":100,"icon":"marker-15","place":"Radiant-Bellevue","style":"Humour","detailedStyle":"Humour","time":1790200800000,"time_string":"undefined","description":"https://radiant-bellevue.fr/spectacles/marion-mezadorian/"}},{"type":"Feature","id":184244594837,"geometry":{"type":"Points"},"properties":{"title":"COMME ÇA VOUS CHANTE !","size":100,"icon":"marker-15","place":"Radiant-Bellevue","style":"Live","detailedStyle":"Musique","time":1790287200000,"time_string":"undefined","description":"https://radiant-bellevue.fr/spectacles/comme-ca-vous-chante-2/"}},{"type":"Feature","id":1729105048861,"geometry":{"type":"Points"},"properties":{"title":"MUSTANG","size":100,"icon":"marker-15","place":"Radiant-Bellevue","style":"Live","detailedStyle":"Musique - Théâtre - Scolaires","time":1790546400000,"time_string":"undefined","description":"https://radiant-bellevue.fr/spectacles/mustang/"}},{"type":"Feature","id":561993758358,"geometry":{"type":"Points"},"properties":{"title":"MUSTANG","size":100,"icon":"marker-15","place":"Radiant-Bellevue","style":"Live","detailedStyle":"Musique - Théâtre - Scolaires","time":1790632800000,"time_string":"undefined","description":"https://radiant-bellevue.fr/spectacles/mustang/"}},{"type":"Feature","id":1685932015344,"geometry":{"type":"Points"},"properties":{"title":"Podkatz Tour avec Juliette Katz","size":100,"icon":"marker-15","place":"Radiant-Bellevue","style":"Humour","detailedStyle":"Humour","time":1790805600000,"time_string":"undefined","description":"https://radiant-bellevue.fr/spectacles/podkatz-tour-avec-juliette-katz/"}},{"type":"Feature","id":587424587470,"geometry":{"type":"Points"},"properties":{"title":"Festival Karavel 20","size":100,"icon":"marker-15","place":"Radiant-Bellevue","style":"Danse","detailedStyle":"Danse","time":1790978400000,"time_string":"undefined","description":"https://radiant-bellevue.fr/spectacles/festival-karavel-20-2/"}},{"type":"Feature","id":1290361419465,"geometry":{"type":"Points"},"properties":{"title":"Festival Karavel 20","size":100,"icon":"marker-15","place":"Radiant-Bellevue","style":"Danse","detailedStyle":"Danse","time":1791064800000,"time_string":"undefined","description":"https://radiant-bellevue.fr/spectacles/festival-karavel-20-2/"}},{"type":"Feature","id":1590999870945,"geometry":{"type":"Points"},"properties":{"title":"Marathon de la danse","size":100,"icon":"marker-15","place":"Radiant-Bellevue","style":"Danse - Scolaires","detailedStyle":"Danse - Scolaires","time":1791151200000,"time_string":"undefined","description":"https://radiant-bellevue.fr/spectacles/marathon-de-la-danse-3/"}},{"type":"Feature","id":1493301418293,"geometry":{"type":"Points"},"properties":{"title":"FAT FREDDY’S DROP","size":100,"icon":"marker-15","place":"Radiant-Bellevue","style":"Live","detailedStyle":"Musique","time":1791237600000,"time_string":"undefined","description":"https://radiant-bellevue.fr/spectacles/fat-freddys-drop/"}},{"type":"Feature","id":190695377703,"geometry":{"type":"Points"},"properties":{"title":"LOUIS CATTELAT","size":100,"icon":"marker-15","place":"Radiant-Bellevue","style":"Humour","detailedStyle":"Humour","time":1791324000000,"time_string":"undefined","description":"https://radiant-bellevue.fr/spectacles/louis-cattelat/"}},{"type":"Feature","id":182178620594,"geometry":{"type":"Points"},"properties":{"title":"SECRET(S) MEDICAL","size":100,"icon":"marker-15","place":"Radiant-Bellevue","style":"Théâtre","detailedStyle":"Théâtre","time":1791410400000,"time_string":"undefined","description":"https://radiant-bellevue.fr/spectacles/secrets-medical/"}},{"type":"Feature","id":1714830641278,"geometry":{"type":"Points"},"properties":{"title":"Kyle Eastwood","size":100,"icon":"marker-15","place":"Radiant-Bellevue","style":"Live","detailedStyle":"Musique","time":1791496800000,"time_string":"undefined","description":"https://radiant-bellevue.fr/spectacles/kyle-eastwood/"}},{"type":"Feature","id":947215240067,"geometry":{"type":"Points"},"properties":{"title":"ALEX RAMIRES","size":100,"icon":"marker-15","place":"Radiant-Bellevue","style":"Humour","detailedStyle":"Humour","time":1791583200000,"time_string":"undefined","description":"https://radiant-bellevue.fr/spectacles/alex-ramires/"}},{"type":"Feature","id":1047063331103,"geometry":{"type":"Points"},"properties":{"title":"WORLDS APART","size":100,"icon":"marker-15","place":"Radiant-Bellevue","style":"Live","detailedStyle":"Musique","time":1791669600000,"time_string":"undefined","description":"https://radiant-bellevue.fr/spectacles/worlds-apart/"}},{"type":"Feature","id":1184688469175,"geometry":{"type":"Points"},"properties":{"title":"JOE JACKSON","size":100,"icon":"marker-15","place":"Radiant-Bellevue","style":"Live","detailedStyle":"Musique","time":1791842400000,"time_string":"undefined","description":"https://radiant-bellevue.fr/spectacles/joe-jackson/"}},{"type":"Feature","id":271816505777,"geometry":{"type":"Points"},"properties":{"title":"GEOFFREY SECCO","size":100,"icon":"marker-15","place":"Radiant-Bellevue","style":"Live","detailedStyle":"Musique","time":1792015200000,"time_string":"undefined","description":"https://radiant-bellevue.fr/spectacles/geoffrey-secco/"}},{"type":"Feature","id":198204841624,"geometry":{"type":"Points"},"properties":{"title":"LES WRIGGLES","size":100,"icon":"marker-15","place":"Radiant-Bellevue","style":"Chanson","detailedStyle":"Chanson","time":1792101600000,"time_string":"undefined","description":"https://radiant-bellevue.fr/spectacles/les-wriggles/"}},{"type":"Feature","id":1663552676443,"geometry":{"type":"Points"},"properties":{"title":"JESSÉ","size":100,"icon":"marker-15","place":"Radiant-Bellevue","style":"Humour","detailedStyle":"Humour","time":1792188000000,"time_string":"undefined","description":"https://radiant-bellevue.fr/spectacles/jesse/"}},{"type":"Feature","id":794082070704,"geometry":{"type":"Points"},"properties":{"title":"PHILIPPE LELLOUCHE","size":100,"icon":"marker-15","place":"Radiant-Bellevue","style":"Humour","detailedStyle":"Humour","time":1792274400000,"time_string":"undefined","description":"https://radiant-bellevue.fr/spectacles/philippe-lellouche-3/"}},{"type":"Feature","id":644083648379,"geometry":{"type":"Points"},"properties":{"title":"Tina Arena","size":100,"icon":"marker-15","place":"Radiant-Bellevue","style":"Live","detailedStyle":"Musique","time":1792620000000,"time_string":"undefined","description":"https://radiant-bellevue.fr/spectacles/tina-arena/"}},{"type":"Feature","id":94563570184,"geometry":{"type":"Points"},"properties":{"title":"CELESTE BARBER","size":100,"icon":"marker-15","place":"Radiant-Bellevue","style":"Humour","detailedStyle":"Humour","time":1792706400000,"time_string":"undefined","description":"https://radiant-bellevue.fr/spectacles/celeste-barber/"}},{"type":"Feature","id":1632816346921,"geometry":{"type":"Points"},"properties":{"title":"LEMAN","size":100,"icon":"marker-15","place":"Radiant-Bellevue","style":"Live","detailedStyle":"Musique","time":1792706400000,"time_string":"undefined","description":"https://radiant-bellevue.fr/spectacles/leman/"}},{"type":"Feature","id":1656190102231,"geometry":{"type":"Points"},"properties":{"title":"CAT POWER","size":100,"icon":"marker-15","place":"Radiant-Bellevue","style":"Live","detailedStyle":"Musique","time":1792792800000,"time_string":"undefined","description":"https://radiant-bellevue.fr/spectacles/cat-power/"}},{"type":"Feature","id":168038626374,"geometry":{"type":"Points"},"properties":{"title":"EDGAR-YVES Jr.","size":100,"icon":"marker-15","place":"Radiant-Bellevue","style":"Humour","detailedStyle":"Humour","time":1792879200000,"time_string":"undefined","description":"https://radiant-bellevue.fr/spectacles/edgar-yves-jr/"}},{"type":"Feature","id":93283425379,"geometry":{"type":"Points"},"properties":{"title":"TRISTAN LOPIN","size":100,"icon":"marker-15","place":"Radiant-Bellevue","style":"Humour","detailedStyle":"Humour","time":1793055600000,"time_string":"undefined","description":"https://radiant-bellevue.fr/spectacles/tristan-lopin/"}},{"type":"Feature","id":1432972489663,"geometry":{"type":"Points"},"properties":{"title":"THE HU","size":100,"icon":"marker-15","place":"Radiant-Bellevue","style":"Live","detailedStyle":"Musique","time":1793142000000,"time_string":"undefined","description":"https://radiant-bellevue.fr/spectacles/the-hu-2/"}},{"type":"Feature","id":988187980459,"geometry":{"type":"Points"},"properties":{"title":"JEREMY HABABOU","size":100,"icon":"marker-15","place":"Radiant-Bellevue","style":"Live","detailedStyle":"Musique","time":1793228400000,"time_string":"undefined","description":"https://radiant-bellevue.fr/spectacles/jeremy-hababou/"}},{"type":"Feature","id":918321150594,"geometry":{"type":"Points"},"properties":{"title":"STEPHAN EICHER","size":100,"icon":"marker-15","place":"Radiant-Bellevue","style":"Live","detailedStyle":"Musique","time":1793314800000,"time_string":"undefined","description":"https://radiant-bellevue.fr/spectacles/stephan-eicher-2/"}},{"type":"Feature","id":1771411810037,"geometry":{"type":"Points"},"properties":{"title":"STEPHAN EICHER","size":100,"icon":"marker-15","place":"Radiant-Bellevue","style":"Live","detailedStyle":"Musique","time":1793401200000,"time_string":"undefined","description":"https://radiant-bellevue.fr/spectacles/stephan-eicher-2/"}},{"type":"Feature","id":353542014806,"geometry":{"type":"Points"},"properties":{"title":"CHEMINOTES","size":100,"icon":"marker-15","place":"Radiant-Bellevue","style":"Live","detailedStyle":"Musique - Théâtre - Scolaires","time":1793574000000,"time_string":"undefined","description":"https://radiant-bellevue.fr/spectacles/cheminotes/"}},{"type":"Feature","id":458447700555,"geometry":{"type":"Points"},"properties":{"title":"CHEMINOTES","size":100,"icon":"marker-15","place":"Radiant-Bellevue","style":"Live","detailedStyle":"Musique - Théâtre - Scolaires","time":1793660400000,"time_string":"undefined","description":"https://radiant-bellevue.fr/spectacles/cheminotes/"}},{"type":"Feature","id":888495042043,"geometry":{"type":"Points"},"properties":{"title":"Emily Loizeau & Quatuor Debussy","size":100,"icon":"marker-15","place":"Radiant-Bellevue","style":"Chanson","detailedStyle":"Musique - Chanson","time":1793660400000,"time_string":"undefined","description":"https://radiant-bellevue.fr/spectacles/emily-loizeau-quatuor-debussy/"}},{"type":"Feature","id":1649586631939,"geometry":{"type":"Points"},"properties":{"title":"Made in France","size":100,"icon":"marker-15","place":"Radiant-Bellevue","style":"Théâtre","detailedStyle":"Théâtre","time":1793746800000,"time_string":"undefined","description":"https://radiant-bellevue.fr/spectacles/made-in-france/"}},{"type":"Feature","id":802569887409,"geometry":{"type":"Points"},"properties":{"title":"ALAN STIVELL","size":100,"icon":"marker-15","place":"Radiant-Bellevue","style":"Live","detailedStyle":"Musique","time":1793833200000,"time_string":"undefined","description":"https://radiant-bellevue.fr/spectacles/alan-stivell/"}},{"type":"Feature","id":110332512727,"geometry":{"type":"Points"},"properties":{"title":"LP","size":100,"icon":"marker-15","place":"Radiant-Bellevue","style":"Live","detailedStyle":"Musique","time":1793919600000,"time_string":"undefined","description":"https://radiant-bellevue.fr/spectacles/lp/"}},{"type":"Feature","id":1240144613109,"geometry":{"type":"Points"},"properties":{"title":"Cochons d’Inde","size":100,"icon":"marker-15","place":"Radiant-Bellevue","style":"Théâtre","detailedStyle":"Théâtre","time":1794006000000,"time_string":"undefined","description":"https://radiant-bellevue.fr/spectacles/cochons-dinde/"}},{"type":"Feature","id":1169565102429,"geometry":{"type":"Points"},"properties":{"title":"Elie Semoun","size":100,"icon":"marker-15","place":"Radiant-Bellevue","style":"Humour","detailedStyle":"Humour","time":1794092400000,"time_string":"undefined","description":"https://radiant-bellevue.fr/spectacles/elie-semoun/"}},{"type":"Feature","id":1496415206879,"geometry":{"type":"Points"},"properties":{"title":"UN SOIR AVEC PIERRE ARDITI","size":100,"icon":"marker-15","place":"Radiant-Bellevue","style":"Théâtre","detailedStyle":"Théâtre","time":1794178800000,"time_string":"undefined","description":"https://radiant-bellevue.fr/spectacles/un-soir-avec-pierre-arditi/"}},{"type":"Feature","id":47327792255,"geometry":{"type":"Points"},"properties":{"title":"THOMAS FERSEN","size":100,"icon":"marker-15","place":"Radiant-Bellevue","style":"Chanson","detailedStyle":"Chanson - Théâtre","time":1794265200000,"time_string":"undefined","description":"https://radiant-bellevue.fr/spectacles/thomas-fersen-3/"}},{"type":"Feature","id":660820116246,"geometry":{"type":"Points"},"properties":{"title":"PIERRE DE MAERE","size":100,"icon":"marker-15","place":"Radiant-Bellevue","style":"Chanson","detailedStyle":"Chanson","time":1794438000000,"time_string":"undefined","description":"https://radiant-bellevue.fr/spectacles/pierre-de-maere/"}},{"type":"Feature","id":744338686087,"geometry":{"type":"Points"},"properties":{"title":"BENABAR","size":100,"icon":"marker-15","place":"Radiant-Bellevue","style":"Chanson","detailedStyle":"Chanson","time":1794524400000,"time_string":"undefined","description":"https://radiant-bellevue.fr/spectacles/benabar/"}},{"type":"Feature","id":877643937759,"geometry":{"type":"Points"},"properties":{"title":"Sans Regrets ?","size":100,"icon":"marker-15","place":"Radiant-Bellevue","style":"Cirque","detailedStyle":"Cirque","time":1794697200000,"time_string":"undefined","description":"https://radiant-bellevue.fr/spectacles/sans-regrets-2/"}},{"type":"Feature","id":95536652097,"geometry":{"type":"Points"},"properties":{"title":"MARIE JAY + ARCA M","size":100,"icon":"marker-15","place":"Radiant-Bellevue","style":"Live","detailedStyle":"Musique - Club Bellevue","time":1794783600000,"time_string":"undefined","description":"https://radiant-bellevue.fr/spectacles/marie-jay-arca-m/"}},{"type":"Feature","id":413199770723,"geometry":{"type":"Points"},"properties":{"title":"La Salida","size":100,"icon":"marker-15","place":"Radiant-Bellevue","style":"Danse","detailedStyle":"Danse","time":1794870000000,"time_string":"undefined","description":"https://radiant-bellevue.fr/spectacles/la-salida/"}},{"type":"Feature","id":870932893332,"geometry":{"type":"Points"},"properties":{"title":"THE WITCHER III","size":100,"icon":"marker-15","place":"Radiant-Bellevue","style":"Live","detailedStyle":"Musique","time":1794956400000,"time_string":"undefined","description":"https://radiant-bellevue.fr/spectacles/the-witcher-iii/"}},{"type":"Feature","id":1745694843018,"geometry":{"type":"Points"},"properties":{"title":"POLYPHIA","size":100,"icon":"marker-15","place":"Radiant-Bellevue","style":"Live","detailedStyle":"Musique","time":1795042800000,"time_string":"undefined","description":"https://radiant-bellevue.fr/spectacles/polyphia/"}},{"type":"Feature","id":667015468702,"geometry":{"type":"Points"},"properties":{"title":"UNE HEURE À T’ATTENDRE","size":100,"icon":"marker-15","place":"Radiant-Bellevue","style":"Théâtre","detailedStyle":"Théâtre","time":1795129200000,"time_string":"undefined","description":"https://radiant-bellevue.fr/spectacles/une-heure-a-tattendre/"}},{"type":"Feature","id":1527168011072,"geometry":{"type":"Points"},"properties":{"title":"LES PEINTRES AU CHARBON","size":100,"icon":"marker-15","place":"Radiant-Bellevue","style":"Théâtre","detailedStyle":"Théâtre","time":1795215600000,"time_string":"undefined","description":"https://radiant-bellevue.fr/spectacles/les-peintres-au-charbon/"}},{"type":"Feature","id":250426924054,"geometry":{"type":"Points"},"properties":{"title":"Les Tribulations d’un chef d’orchestre !","size":100,"icon":"marker-15","place":"Radiant-Bellevue","style":"Live","detailedStyle":"Musique","time":1795302000000,"time_string":"undefined","description":"https://radiant-bellevue.fr/spectacles/les-tribulations-dun-chef-dorchestre/"}},{"type":"Feature","id":241779570182,"geometry":{"type":"Points"},"properties":{"title":"LOCURA","size":100,"icon":"marker-15","place":"Radiant-Bellevue","style":"Live","detailedStyle":"Musique - Danse","time":1795474800000,"time_string":"undefined","description":"https://radiant-bellevue.fr/spectacles/locura/"}},{"type":"Feature","id":1407977504623,"geometry":{"type":"Points"},"properties":{"title":"LOCURA","size":100,"icon":"marker-15","place":"Radiant-Bellevue","style":"Live","detailedStyle":"Musique - Danse","time":1795561200000,"time_string":"undefined","description":"https://radiant-bellevue.fr/spectacles/locura/"}},{"type":"Feature","id":306450124424,"geometry":{"type":"Points"},"properties":{"title":"RENAN LUCE","size":100,"icon":"marker-15","place":"Radiant-Bellevue","style":"Chanson","detailedStyle":"Chanson","time":1795647600000,"time_string":"undefined","description":"https://radiant-bellevue.fr/spectacles/renan-luce/"}},{"type":"Feature","id":835223497715,"geometry":{"type":"Points"},"properties":{"title":"Une Histoire de France","size":100,"icon":"marker-15","place":"Radiant-Bellevue","style":"Théâtre","detailedStyle":"Théâtre","time":1795734000000,"time_string":"undefined","description":"https://radiant-bellevue.fr/spectacles/une-histoire-de-france/"}},{"type":"Feature","id":1143863674094,"geometry":{"type":"Points"},"properties":{"title":"L’expérience Théâtrale","size":100,"icon":"marker-15","place":"Radiant-Bellevue","style":"Théâtre","detailedStyle":"Théâtre","time":1795820400000,"time_string":"undefined","description":"https://radiant-bellevue.fr/spectacles/lexperience-theatrale/"}},{"type":"Feature","id":1465200877972,"geometry":{"type":"Points"},"properties":{"title":"MARILLION","size":100,"icon":"marker-15","place":"Radiant-Bellevue","style":"Live","detailedStyle":"Musique","time":1795906800000,"time_string":"undefined","description":"https://radiant-bellevue.fr/spectacles/marillion/"}},{"type":"Feature","id":541912160569,"geometry":{"type":"Points"},"properties":{"title":"Imagine que","size":100,"icon":"marker-15","place":"Radiant-Bellevue","style":"Danse","detailedStyle":"Danse","time":1796079600000,"time_string":"undefined","description":"https://radiant-bellevue.fr/spectacles/imagine-que/"}},{"type":"Feature","id":1411551253373,"geometry":{"type":"Points"},"properties":{"title":"LA GRANDE SOPHIE","size":100,"icon":"marker-15","place":"Radiant-Bellevue","style":"Chanson","detailedStyle":"Chanson","time":1796166000000,"time_string":"undefined","description":"https://radiant-bellevue.fr/spectacles/la-grande-sophie-2/"}},{"type":"Feature","id":594647459127,"geometry":{"type":"Points"},"properties":{"title":"Imany","size":100,"icon":"marker-15","place":"Radiant-Bellevue","style":"Live","detailedStyle":"Musique","time":1796252400000,"time_string":"undefined","description":"https://radiant-bellevue.fr/spectacles/imany/"}},{"type":"Feature","id":1109085365094,"geometry":{"type":"Points"},"properties":{"title":"Garou","size":100,"icon":"marker-15","place":"Radiant-Bellevue","style":"Chanson","detailedStyle":"Musique - Chanson","time":1796338800000,"time_string":"undefined","description":"https://radiant-bellevue.fr/spectacles/garou/"}},{"type":"Feature","id":272527144705,"geometry":{"type":"Points"},"properties":{"title":"SEBASTIEN TELLIER","size":100,"icon":"marker-15","place":"Radiant-Bellevue","style":"Live","detailedStyle":"Musique","time":1796425200000,"time_string":"undefined","description":"https://radiant-bellevue.fr/spectacles/sebastien-tellier/"}},{"type":"Feature","id":361050075215,"geometry":{"type":"Points"},"properties":{"title":"La misérable","size":100,"icon":"marker-15","place":"Radiant-Bellevue","style":"Théâtre","detailedStyle":"Théâtre","time":1796511600000,"time_string":"undefined","description":"https://radiant-bellevue.fr/spectacles/la-miserable/"}},{"type":"Feature","id":1343824866735,"geometry":{"type":"Points"},"properties":{"title":"CAMILLE, TU DORS ?","size":100,"icon":"marker-15","place":"Radiant-Bellevue","style":"Théâtre - Scolaires","detailedStyle":"Théâtre - Scolaires","time":1796598000000,"time_string":"undefined","description":"https://radiant-bellevue.fr/spectacles/camille-tu-dors/"}},{"type":"Feature","id":742763756231,"geometry":{"type":"Points"},"properties":{"title":"CAMILLE, TU DORS ?","size":100,"icon":"marker-15","place":"Radiant-Bellevue","style":"Théâtre - Scolaires","detailedStyle":"Théâtre - Scolaires","time":1796684400000,"time_string":"undefined","description":"https://radiant-bellevue.fr/spectacles/camille-tu-dors/"}},{"type":"Feature","id":1043844586022,"geometry":{"type":"Points"},"properties":{"title":"Benjamin Biolay","size":100,"icon":"marker-15","place":"Radiant-Bellevue","style":"Chanson","detailedStyle":"Musique - Chanson","time":1796770800000,"time_string":"undefined","description":"https://radiant-bellevue.fr/spectacles/benjamin-biolay-3/"}},{"type":"Feature","id":1073593927357,"geometry":{"type":"Points"},"properties":{"title":"Le Bourgeois Gentilhomme","size":100,"icon":"marker-15","place":"Radiant-Bellevue","style":"Théâtre","detailedStyle":"Théâtre","time":1796857200000,"time_string":"undefined","description":"https://radiant-bellevue.fr/spectacles/le-bourgeois-gentilhomme/"}},{"type":"Feature","id":565205413615,"geometry":{"type":"Points"},"properties":{"title":"Le Bourgeois Gentilhomme","size":100,"icon":"marker-15","place":"Radiant-Bellevue","style":"Théâtre","detailedStyle":"Théâtre","time":1796943600000,"time_string":"undefined","description":"https://radiant-bellevue.fr/spectacles/le-bourgeois-gentilhomme/"}},{"type":"Feature","id":1529559515686,"geometry":{"type":"Points"},"properties":{"title":"MURMURATION LEVEL 2","size":100,"icon":"marker-15","place":"Radiant-Bellevue","style":"Danse","detailedStyle":"Danse","time":1797030000000,"time_string":"undefined","description":"https://radiant-bellevue.fr/spectacles/murmuration-level-2/"}},{"type":"Feature","id":1778794008154,"geometry":{"type":"Points"},"properties":{"title":"MURMURATION LEVEL 2","size":100,"icon":"marker-15","place":"Radiant-Bellevue","style":"Danse","detailedStyle":"Danse","time":1797116400000,"time_string":"undefined","description":"https://radiant-bellevue.fr/spectacles/murmuration-level-2/"}},{"type":"Feature","id":1111720905164,"geometry":{"type":"Points"},"properties":{"title":"LALOU","size":100,"icon":"marker-15","place":"Radiant-Bellevue","style":"Humour","detailedStyle":"Humour","time":1797202800000,"time_string":"undefined","description":"https://radiant-bellevue.fr/spectacles/lalou-qui-na-pas-de-nom-de-spectacle/"}},{"type":"Feature","id":892536897034,"geometry":{"type":"Points"},"properties":{"title":"OLDELAF","size":100,"icon":"marker-15","place":"Radiant-Bellevue","style":"Chanson","detailedStyle":"Chanson","time":1797289200000,"time_string":"undefined","description":"https://radiant-bellevue.fr/spectacles/oldelaf/"}},{"type":"Feature","id":1297873246233,"geometry":{"type":"Points"},"properties":{"title":"ORGUEIL & PRÉJUGÉS … OU PRESQUE","size":100,"icon":"marker-15","place":"Radiant-Bellevue","style":"Théâtre","detailedStyle":"Théâtre","time":1797375600000,"time_string":"undefined","description":"https://radiant-bellevue.fr/spectacles/orgueil-prejuges-ou-presque/"}},{"type":"Feature","id":297228468363,"geometry":{"type":"Points"},"properties":{"title":"LEMAN","size":100,"icon":"marker-15","place":"Radiant-Bellevue","style":"Live","detailedStyle":"Musique","time":1797462000000,"time_string":"undefined","description":"https://radiant-bellevue.fr/spectacles/leman-2/"}},{"type":"Feature","id":496191291007,"geometry":{"type":"Points"},"properties":{"title":"The Genesis","size":100,"icon":"marker-15","place":"Radiant-Bellevue","style":"Cirque","detailedStyle":"Cirque","time":1797548400000,"time_string":"undefined","description":"https://radiant-bellevue.fr/spectacles/the-genesis/"}},{"type":"Feature","id":1555110274346,"geometry":{"type":"Points"},"properties":{"title":"AMANDINE LOURDEL","size":100,"icon":"marker-15","place":"Radiant-Bellevue","style":"Humour","detailedStyle":"Humour","time":1797634800000,"time_string":"undefined","description":"https://radiant-bellevue.fr/spectacles/amandine-lourdel/"}},{"type":"Feature","id":863119203749,"geometry":{"type":"Points"},"properties":{"title":"ANTHONY KAVANAGH","size":100,"icon":"marker-15","place":"Radiant-Bellevue","style":"Humour","detailedStyle":"Humour","time":1797721200000,"time_string":"undefined","description":"https://radiant-bellevue.fr/spectacles/anthony-kavanagh-3/"}},{"type":"Feature","id":872199431949,"geometry":{"type":"Points"},"properties":{"title":"Fabrice Luchini","size":100,"icon":"marker-15","place":"Radiant-Bellevue","style":"Théâtre","detailedStyle":"Théâtre","time":1797807600000,"time_string":"undefined","description":"https://radiant-bellevue.fr/spectacles/fabrice-luchini-3/"}},{"type":"Feature","id":1645532439389,"geometry":{"type":"Points"},"properties":{"title":"Fabrice Luchini","size":100,"icon":"marker-15","place":"Radiant-Bellevue","style":"Théâtre","detailedStyle":"Théâtre","time":1797894000000,"time_string":"undefined","description":"https://radiant-bellevue.fr/spectacles/fabrice-luchini-3/"}},{"type":"Feature","id":906110926220,"geometry":{"type":"Points"},"properties":{"title":"L’AFFAIRE DE LA RUE DE LOURCINE","size":100,"icon":"marker-15","place":"Radiant-Bellevue","style":"Théâtre","detailedStyle":"Théâtre","time":1799190000000,"time_string":"undefined","description":"https://radiant-bellevue.fr/spectacles/laffaire-de-la-rue-de-lourcine/"}},{"type":"Feature","id":1492121286041,"geometry":{"type":"Points"},"properties":{"title":"L’AFFAIRE DE LA RUE DE LOURCINE","size":100,"icon":"marker-15","place":"Radiant-Bellevue","style":"Théâtre","detailedStyle":"Théâtre","time":1799276400000,"time_string":"undefined","description":"https://radiant-bellevue.fr/spectacles/laffaire-de-la-rue-de-lourcine/"}},{"type":"Feature","id":69584248591,"geometry":{"type":"Points"},"properties":{"title":"QUATUOR DEBUSSY","size":100,"icon":"marker-15","place":"Radiant-Bellevue","style":"Live","detailedStyle":"Musique","time":1799449200000,"time_string":"undefined","description":"https://radiant-bellevue.fr/spectacles/quatuor-debussy-4/"}},{"type":"Feature","id":499316615698,"geometry":{"type":"Points"},"properties":{"title":"LA MAGIE D’HARRY POTTER !","size":100,"icon":"marker-15","place":"Radiant-Bellevue","style":"Live","detailedStyle":"Musique","time":1799535600000,"time_string":"undefined","description":"https://radiant-bellevue.fr/spectacles/la-magie-dharry-potter/"}},{"type":"Feature","id":1569404808290,"geometry":{"type":"Points"},"properties":{"title":"PUNK.E.S","size":100,"icon":"marker-15","place":"Radiant-Bellevue","style":"Théâtre","detailedStyle":"Théâtre","time":1799708400000,"time_string":"undefined","description":"https://radiant-bellevue.fr/spectacles/punk-e-s/"}},{"type":"Feature","id":1335027436241,"geometry":{"type":"Points"},"properties":{"title":"LAURENT VOULZY","size":100,"icon":"marker-15","place":"Radiant-Bellevue","style":"Chanson","detailedStyle":"Chanson","time":1799794800000,"time_string":"undefined","description":"https://radiant-bellevue.fr/spectacles/laurent-voulzy-2/"}},{"type":"Feature","id":648605932829,"geometry":{"type":"Points"},"properties":{"title":"POTICHE","size":100,"icon":"marker-15","place":"Radiant-Bellevue","style":"Théâtre","detailedStyle":"Théâtre","time":1799881200000,"time_string":"undefined","description":"https://radiant-bellevue.fr/spectacles/potiche/"}},{"type":"Feature","id":1265623962391,"geometry":{"type":"Points"},"properties":{"title":"MOGUIZ","size":100,"icon":"marker-15","place":"Radiant-Bellevue","style":"Humour","detailedStyle":"Humour","time":1799967600000,"time_string":"undefined","description":"https://radiant-bellevue.fr/spectacles/moguiz-2/"}},{"type":"Feature","id":490335108816,"geometry":{"type":"Points"},"properties":{"title":"CAMILLE CHAMOUX","size":100,"icon":"marker-15","place":"Radiant-Bellevue","style":"Humour","detailedStyle":"Humour","time":1800054000000,"time_string":"undefined","description":"https://radiant-bellevue.fr/spectacles/camille-chamoux-2/"}},{"type":"Feature","id":276130458442,"geometry":{"type":"Points"},"properties":{"title":"ALEXIS LE ROSSIGNOL","size":100,"icon":"marker-15","place":"Radiant-Bellevue","style":"Humour","detailedStyle":"Humour","time":1800140400000,"time_string":"undefined","description":"https://radiant-bellevue.fr/spectacles/alexis-le-rossignol/"}},{"type":"Feature","id":491815401612,"geometry":{"type":"Points"},"properties":{"title":"COSMOS","size":100,"icon":"marker-15","place":"Radiant-Bellevue","style":"Danse","detailedStyle":"Danse","time":1800313200000,"time_string":"undefined","description":"https://radiant-bellevue.fr/spectacles/cosmos-2/"}},{"type":"Feature","id":154148464320,"geometry":{"type":"Points"},"properties":{"title":"LE PÈRE","size":100,"icon":"marker-15","place":"Radiant-Bellevue","style":"Théâtre","detailedStyle":"Théâtre","time":1800399600000,"time_string":"undefined","description":"https://radiant-bellevue.fr/spectacles/le-pere/"}},{"type":"Feature","id":339973435816,"geometry":{"type":"Points"},"properties":{"title":"LE PÈRE","size":100,"icon":"marker-15","place":"Radiant-Bellevue","style":"Théâtre","detailedStyle":"Théâtre","time":1800486000000,"time_string":"undefined","description":"https://radiant-bellevue.fr/spectacles/le-pere/"}},{"type":"Feature","id":1343274240562,"geometry":{"type":"Points"},"properties":{"title":"LEVI.SCT","size":100,"icon":"marker-15","place":"Radiant-Bellevue","style":"Live","detailedStyle":"Musique","time":1800572400000,"time_string":"undefined","description":"https://radiant-bellevue.fr/spectacles/levi-sct/"}},{"type":"Feature","id":1407204476798,"geometry":{"type":"Points"},"properties":{"title":"IMMO","size":100,"icon":"marker-15","place":"Radiant-Bellevue","style":"Humour - Cirque","detailedStyle":"Humour - Cirque","time":1800745200000,"time_string":"undefined","description":"https://radiant-bellevue.fr/spectacles/immo/"}},{"type":"Feature","id":850214292392,"geometry":{"type":"Points"},"properties":{"title":"LUMIÈRES !","size":100,"icon":"marker-15","place":"Radiant-Bellevue","style":"Théâtre - Scolaires","detailedStyle":"Théâtre - Scolaires","time":1800831600000,"time_string":"undefined","description":"https://radiant-bellevue.fr/spectacles/lumieres/"}},{"type":"Feature","id":651248831135,"geometry":{"type":"Points"},"properties":{"title":"LE JOURNAL D’EDOUARD BAER","size":100,"icon":"marker-15","place":"Radiant-Bellevue","style":"Théâtre","detailedStyle":"Théâtre","time":1801004400000,"time_string":"undefined","description":"https://radiant-bellevue.fr/spectacles/le-journal-dedouard-baer/"}},{"type":"Feature","id":1616678257178,"geometry":{"type":"Points"},"properties":{"title":"LE FANTÔME DE L’OPÉRA","size":100,"icon":"marker-15","place":"Radiant-Bellevue","style":"Théâtre","detailedStyle":"Théâtre","time":1801090800000,"time_string":"undefined","description":"https://radiant-bellevue.fr/spectacles/le-fantome-de-lopera/"}},{"type":"Feature","id":707434906602,"geometry":{"type":"Points"},"properties":{"title":"DANS LE COULOIR","size":100,"icon":"marker-15","place":"Radiant-Bellevue","style":"Théâtre","detailedStyle":"Théâtre","time":1801177200000,"time_string":"undefined","description":"https://radiant-bellevue.fr/spectacles/dans-le-couloir/"}},{"type":"Feature","id":810506853054,"geometry":{"type":"Points"},"properties":{"title":"SKIP THE USE","size":100,"icon":"marker-15","place":"Radiant-Bellevue","style":"Live","detailedStyle":"Musique","time":1801263600000,"time_string":"undefined","description":"https://radiant-bellevue.fr/spectacles/skip-the-use-2/"}},{"type":"Feature","id":573181025785,"geometry":{"type":"Points"},"properties":{"title":"LA SOEUR DE JÉSUS-CHRIST","size":100,"icon":"marker-15","place":"Radiant-Bellevue","style":"Théâtre","detailedStyle":"Théâtre","time":1801350000000,"time_string":"undefined","description":"https://radiant-bellevue.fr/spectacles/la-soeur-de-jesus-christ/"}},{"type":"Feature","id":280555676628,"geometry":{"type":"Points"},"properties":{"title":"MALDONNE","size":100,"icon":"marker-15","place":"Radiant-Bellevue","style":"Danse","detailedStyle":"Danse","time":1801522800000,"time_string":"undefined","description":"https://radiant-bellevue.fr/spectacles/maldonne/"}},{"type":"Feature","id":17339437152,"geometry":{"type":"Points"},"properties":{"title":"VALENTINA","size":100,"icon":"marker-15","place":"Radiant-Bellevue","style":"Chanson","detailedStyle":"Chanson","time":1801609200000,"time_string":"undefined","description":"https://radiant-bellevue.fr/spectacles/valentina/"}},{"type":"Feature","id":1198748551735,"geometry":{"type":"Points"},"properties":{"title":"LA FOLLE JOURNÉE OU LE MARIAGE DE FIGARO","size":100,"icon":"marker-15","place":"Radiant-Bellevue","style":"Théâtre","detailedStyle":"Théâtre","time":1801695600000,"time_string":"undefined","description":"https://radiant-bellevue.fr/spectacles/la-folle-journee-ou-le-mariage-de-figaro/"}},{"type":"Feature","id":945740517498,"geometry":{"type":"Points"},"properties":{"title":"LA FOLLE JOURNÉE OU LE MARIAGE DE FIGARO","size":100,"icon":"marker-15","place":"Radiant-Bellevue","style":"Théâtre","detailedStyle":"Théâtre","time":1801782000000,"time_string":"undefined","description":"https://radiant-bellevue.fr/spectacles/la-folle-journee-ou-le-mariage-de-figaro/"}},{"type":"Feature","id":1361235877323,"geometry":{"type":"Points"},"properties":{"title":"LET’S TWIST AGAIN","size":100,"icon":"marker-15","place":"Radiant-Bellevue","style":"Cirque","detailedStyle":"Cirque","time":1801868400000,"time_string":"undefined","description":"https://radiant-bellevue.fr/spectacles/lets-twist-again/"}},{"type":"Feature","id":1319713563840,"geometry":{"type":"Points"},"properties":{"title":"BAZAR CIRCUS","size":100,"icon":"marker-15","place":"Radiant-Bellevue","style":"Live","detailedStyle":"Musique","time":1801954800000,"time_string":"undefined","description":"https://radiant-bellevue.fr/spectacles/bazar-circus/"}},{"type":"Feature","id":967806854416,"geometry":{"type":"Points"},"properties":{"title":"LAURA CAHEN + CAIMAN","size":100,"icon":"marker-15","place":"Radiant-Bellevue","style":"Live","detailedStyle":"Musique - Club Bellevue","time":1802041200000,"time_string":"undefined","description":"https://radiant-bellevue.fr/spectacles/laura-cahen-caiman/"}},{"type":"Feature","id":148956523588,"geometry":{"type":"Points"},"properties":{"title":"LE JEU DE L’AMOUR ET DU HASARD","size":100,"icon":"marker-15","place":"Radiant-Bellevue","style":"Théâtre","detailedStyle":"Théâtre","time":1802127600000,"time_string":"undefined","description":"https://radiant-bellevue.fr/spectacles/le-jeu-de-lamour-et-du-hasard/"}},{"type":"Feature","id":769624509292,"geometry":{"type":"Points"},"properties":{"title":"CLASH ROCK – DE SCHUBERT A NIRVANA","size":100,"icon":"marker-15","place":"Radiant-Bellevue","style":"Live","detailedStyle":"Musique","time":1802214000000,"time_string":"undefined","description":"https://radiant-bellevue.fr/spectacles/clash-rock-de-schubert-a-nirvana/"}},{"type":"Feature","id":1004739718533,"geometry":{"type":"Points"},"properties":{"title":"4211 KM","size":100,"icon":"marker-15","place":"Radiant-Bellevue","style":"Théâtre","detailedStyle":"Théâtre","time":1802300400000,"time_string":"undefined","description":"https://radiant-bellevue.fr/spectacles/4211-km/"}},{"type":"Feature","id":1724528837405,"geometry":{"type":"Points"},"properties":{"title":"MATHIEU STEPSON","size":100,"icon":"marker-15","place":"Radiant-Bellevue","style":"Magie","detailedStyle":"Magie","time":1802386800000,"time_string":"undefined","description":"https://radiant-bellevue.fr/spectacles/mathieu-stepson/"}},{"type":"Feature","id":1712937629548,"geometry":{"type":"Points"},"properties":{"title":"JEAN-BENOÎT DIALLO","size":100,"icon":"marker-15","place":"Radiant-Bellevue","style":"Humour","detailedStyle":"Humour","time":1802473200000,"time_string":"undefined","description":"https://radiant-bellevue.fr/spectacles/jean-benoit-diallo/"}},{"type":"Feature","id":1140788537617,"geometry":{"type":"Points"},"properties":{"title":"PIERRE ET LE LOUP","size":100,"icon":"marker-15","place":"Radiant-Bellevue","style":"Live","detailedStyle":"Musique","time":1802559600000,"time_string":"undefined","description":"https://radiant-bellevue.fr/spectacles/pierre-et-le-loup/"}},{"type":"Feature","id":511057585437,"geometry":{"type":"Points"},"properties":{"title":"ADEL FUGAZI","size":100,"icon":"marker-15","place":"Radiant-Bellevue","style":"Humour","detailedStyle":"Humour","time":1802905200000,"time_string":"undefined","description":"https://radiant-bellevue.fr/spectacles/adel-fugazi/"}},{"type":"Feature","id":1229351058864,"geometry":{"type":"Points"},"properties":{"title":"ERIC FRATICELLI","size":100,"icon":"marker-15","place":"Radiant-Bellevue","style":"Humour","detailedStyle":"Humour","time":1802991600000,"time_string":"undefined","description":"https://radiant-bellevue.fr/spectacles/eric-fraticelli/"}},{"type":"Feature","id":402686496957,"geometry":{"type":"Points"},"properties":{"title":"LIO","size":100,"icon":"marker-15","place":"Radiant-Bellevue","style":"Chanson","detailedStyle":"Chanson","time":1803423600000,"time_string":"undefined","description":"https://radiant-bellevue.fr/spectacles/lio/"}},{"type":"Feature","id":1417646869448,"geometry":{"type":"Points"},"properties":{"title":"ALEXIS TRAMONI","size":100,"icon":"marker-15","place":"Radiant-Bellevue","style":"Humour","detailedStyle":"Humour","time":1803596400000,"time_string":"undefined","description":"https://radiant-bellevue.fr/spectacles/alexis-tramoni/"}},{"type":"Feature","id":1334489051970,"geometry":{"type":"Points"},"properties":{"title":"HATIK","size":100,"icon":"marker-15","place":"Radiant-Bellevue","style":"Live","detailedStyle":"Musique","time":1803682800000,"time_string":"undefined","description":"https://radiant-bellevue.fr/spectacles/hatik-3/"}},{"type":"Feature","id":352761036880,"geometry":{"type":"Points"},"properties":{"title":"LEON","size":100,"icon":"marker-15","place":"Radiant-Bellevue","style":"Magie","detailedStyle":"Magie","time":1803769200000,"time_string":"undefined","description":"https://radiant-bellevue.fr/spectacles/leon/"}},{"type":"Feature","id":692159865642,"geometry":{"type":"Points"},"properties":{"title":"JUKEBOX","size":100,"icon":"marker-15","place":"Radiant-Bellevue","style":"Danse - Cirque","detailedStyle":"Danse - Cirque","time":1803942000000,"time_string":"undefined","description":"https://radiant-bellevue.fr/spectacles/jukebox/"}},{"type":"Feature","id":1665056825637,"geometry":{"type":"Points"},"properties":{"title":"LE CHANT DES LIONS","size":100,"icon":"marker-15","place":"Radiant-Bellevue","style":"Théâtre","detailedStyle":"Théâtre","time":1804028400000,"time_string":"undefined","description":"https://radiant-bellevue.fr/spectacles/le-chant-des-lions/"}},{"type":"Feature","id":485111221545,"geometry":{"type":"Points"},"properties":{"title":"LES COQUETTES","size":100,"icon":"marker-15","place":"Radiant-Bellevue","style":"Live","detailedStyle":"Musique - Humour","time":1804114800000,"time_string":"undefined","description":"https://radiant-bellevue.fr/spectacles/les-coquettes-2/"}},{"type":"Feature","id":504404206901,"geometry":{"type":"Points"},"properties":{"title":"LA JALOUSIE","size":100,"icon":"marker-15","place":"Radiant-Bellevue","style":"Théâtre","detailedStyle":"Théâtre","time":1804287600000,"time_string":"undefined","description":"https://radiant-bellevue.fr/spectacles/la-jalousie/"}},{"type":"Feature","id":80854537294,"geometry":{"type":"Points"},"properties":{"title":"Bertrand Belin","size":100,"icon":"marker-15","place":"Radiant-Bellevue","style":"Chanson","detailedStyle":"Chanson","time":1804546800000,"time_string":"undefined","description":"https://radiant-bellevue.fr/spectacles/bertrand-belin-2/"}},{"type":"Feature","id":583940272519,"geometry":{"type":"Points"},"properties":{"title":"LE CAS PUCINE","size":100,"icon":"marker-15","place":"Radiant-Bellevue","style":"Humour","detailedStyle":"Humour","time":1804633200000,"time_string":"undefined","description":"https://radiant-bellevue.fr/spectacles/le-cas-pucine/"}},{"type":"Feature","id":742311015728,"geometry":{"type":"Points"},"properties":{"title":"THÉA","size":100,"icon":"marker-15","place":"Radiant-Bellevue","style":"Live","detailedStyle":"Musique","time":1804719600000,"time_string":"undefined","description":"https://radiant-bellevue.fr/spectacles/thea/"}},{"type":"Feature","id":911073902530,"geometry":{"type":"Points"},"properties":{"title":"MICHEL LEEB","size":100,"icon":"marker-15","place":"Radiant-Bellevue","style":"Humour","detailedStyle":"Humour","time":1804806000000,"time_string":"undefined","description":"https://radiant-bellevue.fr/spectacles/michel-leeb/"}},{"type":"Feature","id":135299451870,"geometry":{"type":"Points"},"properties":{"title":"NICOLAS CANTELOUP","size":100,"icon":"marker-15","place":"Radiant-Bellevue","style":"Humour","detailedStyle":"Humour","time":1804892400000,"time_string":"undefined","description":"https://radiant-bellevue.fr/spectacles/nicolas-canteloup/"}},{"type":"Feature","id":1677020177844,"geometry":{"type":"Points"},"properties":{"title":"LES ODYSSÉES DE JULES VERNE","size":100,"icon":"marker-15","place":"Radiant-Bellevue","style":"Théâtre","detailedStyle":"Théâtre","time":1804978800000,"time_string":"undefined","description":"https://radiant-bellevue.fr/spectacles/les-odyssees-de-jules-verne/"}},{"type":"Feature","id":1295831741424,"geometry":{"type":"Points"},"properties":{"title":"LE PROCÈS D’UNE VIE","size":100,"icon":"marker-15","place":"Radiant-Bellevue","style":"Théâtre","detailedStyle":"Théâtre","time":1805151600000,"time_string":"undefined","description":"https://radiant-bellevue.fr/spectacles/le-proces-dune-vie/"}},{"type":"Feature","id":1253261263479,"geometry":{"type":"Points"},"properties":{"title":"MOGUIZ","size":100,"icon":"marker-15","place":"Radiant-Bellevue","style":"Humour","detailedStyle":"Humour","time":1805238000000,"time_string":"undefined","description":"https://radiant-bellevue.fr/spectacles/moguiz-3/"}},{"type":"Feature","id":1556621294997,"geometry":{"type":"Points"},"properties":{"title":"THE LOOP","size":100,"icon":"marker-15","place":"Radiant-Bellevue","style":"Théâtre","detailedStyle":"Théâtre","time":1805324400000,"time_string":"undefined","description":"https://radiant-bellevue.fr/spectacles/the-loop/"}},{"type":"Feature","id":139558060470,"geometry":{"type":"Points"},"properties":{"title":"EN THÉRAPIE","size":100,"icon":"marker-15","place":"Radiant-Bellevue","style":"Théâtre","detailedStyle":"Théâtre","time":1805410800000,"time_string":"undefined","description":"https://radiant-bellevue.fr/spectacles/en-therapie/"}},{"type":"Feature","id":234607211634,"geometry":{"type":"Points"},"properties":{"title":"LA NOCE D’ALFONSE","size":100,"icon":"marker-15","place":"Radiant-Bellevue","style":"Cirque","detailedStyle":"Cirque","time":1805497200000,"time_string":"undefined","description":"https://radiant-bellevue.fr/spectacles/la-noce-dalfonse/"}},{"type":"Feature","id":781841611503,"geometry":{"type":"Points"},"properties":{"title":"LA NOCE D’ALFONSE","size":100,"icon":"marker-15","place":"Radiant-Bellevue","style":"Cirque","detailedStyle":"Cirque","time":1805583600000,"time_string":"undefined","description":"https://radiant-bellevue.fr/spectacles/la-noce-dalfonse/"}},{"type":"Feature","id":1670815005597,"geometry":{"type":"Points"},"properties":{"title":"LE CERCLE DES POETES DISPARUS","size":100,"icon":"marker-15","place":"Radiant-Bellevue","style":"Théâtre","detailedStyle":"Théâtre","time":1805670000000,"time_string":"undefined","description":"https://radiant-bellevue.fr/spectacles/le-cercle-des-poetes-disparus-3/"}},{"type":"Feature","id":1206801733525,"geometry":{"type":"Points"},"properties":{"title":"LE CERCLE DES POETES DISPARUS","size":100,"icon":"marker-15","place":"Radiant-Bellevue","style":"Théâtre","detailedStyle":"Théâtre","time":1805756400000,"time_string":"undefined","description":"https://radiant-bellevue.fr/spectacles/le-cercle-des-poetes-disparus-3/"}},{"type":"Feature","id":1383715557472,"geometry":{"type":"Points"},"properties":{"title":"PABLO MIRA","size":100,"icon":"marker-15","place":"Radiant-Bellevue","style":"Humour","detailedStyle":"Humour","time":1805842800000,"time_string":"undefined","description":"https://radiant-bellevue.fr/spectacles/pablo-mira-2/"}},{"type":"Feature","id":812334671417,"geometry":{"type":"Points"},"properties":{"title":"LAURENT BAFFIE","size":100,"icon":"marker-15","place":"Radiant-Bellevue","style":"Humour","detailedStyle":"Humour","time":1806015600000,"time_string":"undefined","description":"https://radiant-bellevue.fr/spectacles/laurent-baffie-3/"}},{"type":"Feature","id":1528328417101,"geometry":{"type":"Points"},"properties":{"title":"MPL","size":100,"icon":"marker-15","place":"Radiant-Bellevue","style":"Chanson","detailedStyle":"Musique - Chanson","time":1806357600000,"time_string":"undefined","description":"https://radiant-bellevue.fr/spectacles/mpl-2/"}},{"type":"Feature","id":1427448246041,"geometry":{"type":"Points"},"properties":{"title":"CHRISTELLE CHOLLET","size":100,"icon":"marker-15","place":"Radiant-Bellevue","style":"Humour","detailedStyle":"Humour","time":1806444000000,"time_string":"undefined","description":"https://radiant-bellevue.fr/spectacles/christelle-chollet/"}},{"type":"Feature","id":32574216446,"geometry":{"type":"Points"},"properties":{"title":"MUSIC-HALL COLETTE","size":100,"icon":"marker-15","place":"Radiant-Bellevue","style":"Théâtre","detailedStyle":"Théâtre","time":1806530400000,"time_string":"undefined","description":"https://radiant-bellevue.fr/spectacles/music-hall-colette/"}},{"type":"Feature","id":1217185675583,"geometry":{"type":"Points"},"properties":{"title":"ALEX LUTZ","size":100,"icon":"marker-15","place":"Radiant-Bellevue","style":"Humour","detailedStyle":"Humour","time":1806703200000,"time_string":"undefined","description":"https://radiant-bellevue.fr/spectacles/alex-lutz-2/"}},{"type":"Feature","id":591570209235,"geometry":{"type":"Points"},"properties":{"title":"LES AVENTURIERS DE MINUIT","size":100,"icon":"marker-15","place":"Radiant-Bellevue","style":"Théâtre","detailedStyle":"Théâtre","time":1806789600000,"time_string":"undefined","description":"https://radiant-bellevue.fr/spectacles/les-aventuriers-de-minuit/"}},{"type":"Feature","id":997247754078,"geometry":{"type":"Points"},"properties":{"title":"RODRIGO Y GABRIELA","size":100,"icon":"marker-15","place":"Radiant-Bellevue","style":"Live","detailedStyle":"Musique","time":1806876000000,"time_string":"undefined","description":"https://radiant-bellevue.fr/spectacles/rodrigo-y-gabriela-2/"}},{"type":"Feature","id":1361677401899,"geometry":{"type":"Points"},"properties":{"title":"CLASH WORLD – LE BOLERO A BAMAKO","size":100,"icon":"marker-15","place":"Radiant-Bellevue","style":"Live","detailedStyle":"Musique","time":1807048800000,"time_string":"undefined","description":"https://radiant-bellevue.fr/spectacles/clash-world-le-bolero-a-bamako/"}},{"type":"Feature","id":1672714515043,"geometry":{"type":"Points"},"properties":{"title":"MUR MURE","size":100,"icon":"marker-15","place":"Radiant-Bellevue","style":"Théâtre","detailedStyle":"Théâtre","time":1807135200000,"time_string":"undefined","description":"https://radiant-bellevue.fr/spectacles/mur-mure/"}},{"type":"Feature","id":1585209444437,"geometry":{"type":"Points"},"properties":{"title":"FABIEN OLICARD","size":100,"icon":"marker-15","place":"Radiant-Bellevue","style":"Mentalisme","detailedStyle":"Mentalisme","time":1807221600000,"time_string":"undefined","description":"https://radiant-bellevue.fr/spectacles/fabien-olicard-2/"}},{"type":"Feature","id":182915933868,"geometry":{"type":"Points"},"properties":{"title":"ART","size":100,"icon":"marker-15","place":"Radiant-Bellevue","style":"Théâtre","detailedStyle":"Théâtre","time":1807308000000,"time_string":"undefined","description":"https://radiant-bellevue.fr/spectacles/art-2/"}},{"type":"Feature","id":1575730756632,"geometry":{"type":"Points"},"properties":{"title":"ART","size":100,"icon":"marker-15","place":"Radiant-Bellevue","style":"Théâtre","detailedStyle":"Théâtre","time":1807394400000,"time_string":"undefined","description":"https://radiant-bellevue.fr/spectacles/art-2/"}},{"type":"Feature","id":1344882955840,"geometry":{"type":"Points"},"properties":{"title":"CAMP CLAUDE + KILL ME DON’T PANIC","size":100,"icon":"marker-15","place":"Radiant-Bellevue","style":"Live","detailedStyle":"Musique - Club Bellevue","time":1807480800000,"time_string":"undefined","description":"https://radiant-bellevue.fr/spectacles/camp-claude-kill-me-dont-panic/"}},{"type":"Feature","id":1282224117254,"geometry":{"type":"Points"},"properties":{"title":"COUPE DU MONDE D’IMPRO F.F.F","size":100,"icon":"marker-15","place":"Radiant-Bellevue","style":"Théâtre","detailedStyle":"Théâtre","time":1807653600000,"time_string":"undefined","description":"https://radiant-bellevue.fr/spectacles/coupe-du-monde-dimpro-f-f-f-3/"}},{"type":"Feature","id":125285986460,"geometry":{"type":"Points"},"properties":{"title":"COUPE DU MONDE D’IMPRO F.F.F","size":100,"icon":"marker-15","place":"Radiant-Bellevue","style":"Théâtre","detailedStyle":"Théâtre","time":1807740000000,"time_string":"undefined","description":"https://radiant-bellevue.fr/spectacles/coupe-du-monde-dimpro-f-f-f-3/"}},{"type":"Feature","id":978081118320,"geometry":{"type":"Points"},"properties":{"title":"COUPE DU MONDE D’IMPRO F.F.F","size":100,"icon":"marker-15","place":"Radiant-Bellevue","style":"Théâtre","detailedStyle":"Théâtre","time":1807826400000,"time_string":"undefined","description":"https://radiant-bellevue.fr/spectacles/coupe-du-monde-dimpro-f-f-f-3/"}},{"type":"Feature","id":1102422308843,"geometry":{"type":"Points"},"properties":{"title":"FATALS PICARDS","size":100,"icon":"marker-15","place":"Radiant-Bellevue","style":"Chanson","detailedStyle":"Chanson","time":1807912800000,"time_string":"undefined","description":"https://radiant-bellevue.fr/spectacles/fatals-picards/"}},{"type":"Feature","id":696981551336,"geometry":{"type":"Points"},"properties":{"title":"SERGE PAPAGALLI","size":100,"icon":"marker-15","place":"Radiant-Bellevue","style":"Humour","detailedStyle":"Humour","time":1807999200000,"time_string":"undefined","description":"https://radiant-bellevue.fr/spectacles/serge-papagalli/"}},{"type":"Feature","id":1057644393869,"geometry":{"type":"Points"},"properties":{"title":"GUILLAUME MEURICE","size":100,"icon":"marker-15","place":"Radiant-Bellevue","style":"Humour","detailedStyle":"Humour","time":1808431200000,"time_string":"undefined","description":"https://radiant-bellevue.fr/spectacles/guillaume-meurice/"}},{"type":"Feature","id":940880016717,"geometry":{"type":"Points"},"properties":{"title":"GUILLAUME MEURICE","size":100,"icon":"marker-15","place":"Radiant-Bellevue","style":"Humour","detailedStyle":"Humour","time":1808517600000,"time_string":"undefined","description":"https://radiant-bellevue.fr/spectacles/guillaume-meurice/"}},{"type":"Feature","id":1411139220228,"geometry":{"type":"Points"},"properties":{"title":"LE LOUP QUI VOULAIT FAIRE DE LA MUSIQUE","size":100,"icon":"marker-15","place":"Radiant-Bellevue","style":"Live","detailedStyle":"Musique","time":1808604000000,"time_string":"undefined","description":"https://radiant-bellevue.fr/spectacles/le-loup-qui-voulait-faire-de-la-musique/"}},{"type":"Feature","id":360147208997,"geometry":{"type":"Points"},"properties":{"title":"MENOPAUSE","size":100,"icon":"marker-15","place":"Radiant-Bellevue","style":"Théâtre","detailedStyle":"Théâtre","time":1808776800000,"time_string":"undefined","description":"https://radiant-bellevue.fr/spectacles/menopause-2/"}},{"type":"Feature","id":781503501359,"geometry":{"type":"Points"},"properties":{"title":"TOUTE LA FAMILLE QUE J’AIME","size":100,"icon":"marker-15","place":"Radiant-Bellevue","style":"Théâtre","detailedStyle":"Théâtre","time":1808863200000,"time_string":"undefined","description":"https://radiant-bellevue.fr/spectacles/toute-la-famille-que-jaime/"}},{"type":"Feature","id":20588220743,"geometry":{"type":"Points"},"properties":{"title":"CONSTANCE","size":100,"icon":"marker-15","place":"Radiant-Bellevue","style":"Humour","detailedStyle":"Humour","time":1808949600000,"time_string":"undefined","description":"https://radiant-bellevue.fr/spectacles/constance-5/"}},{"type":"Feature","id":329474785268,"geometry":{"type":"Points"},"properties":{"title":"PHILIPPINE DELAIRE","size":100,"icon":"marker-15","place":"Radiant-Bellevue","style":"Humour","detailedStyle":"Humour","time":1809036000000,"time_string":"undefined","description":"https://radiant-bellevue.fr/spectacles/philippine-delaire/"}},{"type":"Feature","id":617922980668,"geometry":{"type":"Points"},"properties":{"title":"C’EST SI SIMPLE L’AMOUR","size":100,"icon":"marker-15","place":"Radiant-Bellevue","style":"Théâtre","detailedStyle":"Théâtre","time":1809381600000,"time_string":"undefined","description":"https://radiant-bellevue.fr/spectacles/cest-si-simple-lamour/"}},{"type":"Feature","id":1738730549307,"geometry":{"type":"Points"},"properties":{"title":"L’ARBRE ET L’OISEAU","size":100,"icon":"marker-15","place":"Radiant-Bellevue","style":"Live","detailedStyle":"Musique - Théâtre - Scolaires","time":1809900000000,"time_string":"undefined","description":"https://radiant-bellevue.fr/spectacles/larbre-et-loiseau/"}},{"type":"Feature","id":1026772031471,"geometry":{"type":"Points"},"properties":{"title":"L’ARBRE ET L’OISEAU","size":100,"icon":"marker-15","place":"Radiant-Bellevue","style":"Live","detailedStyle":"Musique - Théâtre - Scolaires","time":1809986400000,"time_string":"undefined","description":"https://radiant-bellevue.fr/spectacles/larbre-et-loiseau/"}},{"type":"Feature","id":1320128184868,"geometry":{"type":"Points"},"properties":{"title":"LEOPOLD LEMARCHAND","size":100,"icon":"marker-15","place":"Radiant-Bellevue","style":"Humour","detailedStyle":"Humour","time":1810159200000,"time_string":"undefined","description":"https://radiant-bellevue.fr/spectacles/leopold-lemarchand/"}},{"type":"Feature","id":511720319983,"geometry":{"type":"Points"},"properties":{"title":"STAND-UP COMEDY SHOW","size":100,"icon":"marker-15","place":"Radiant-Bellevue","style":"Humour","detailedStyle":"Humour","time":1810677600000,"time_string":"undefined","description":"https://radiant-bellevue.fr/spectacles/stand-up-comedy-show-3/"}},{"type":"Feature","id":1098386902509,"geometry":{"type":"Points"},"properties":{"title":"GUILLAUME GUISSET","size":100,"icon":"marker-15","place":"Radiant-Bellevue","style":"Humour","detailedStyle":"Humour","time":1810850400000,"time_string":"undefined","description":"https://radiant-bellevue.fr/spectacles/guillaume-guisset/"}},{"type":"Feature","id":889991501558,"geometry":{"type":"Points"},"properties":{"title":"AU CIEL","size":100,"icon":"marker-15","place":"Radiant-Bellevue","style":"Théâtre - Scolaires","detailedStyle":"Théâtre - Scolaires","time":1811109600000,"time_string":"undefined","description":"https://radiant-bellevue.fr/spectacles/au-ciel/"}},{"type":"Feature","id":478142386210,"geometry":{"type":"Points"},"properties":{"title":"GREG DUTH","size":100,"icon":"marker-15","place":"Radiant-Bellevue","style":"Humour","detailedStyle":"Humour","time":1811196000000,"time_string":"undefined","description":"https://radiant-bellevue.fr/spectacles/greg-duth/"}},{"type":"Feature","id":361040502520,"geometry":{"type":"Points"},"properties":{"title":"LE TOUR DU MONDE EN 80 MINUTES","size":100,"icon":"marker-15","place":"Radiant-Bellevue","style":"Live","detailedStyle":"Musique","time":1811628000000,"time_string":"undefined","description":"https://radiant-bellevue.fr/spectacles/le-tour-du-monde-en-80-minutes/"}},{"type":"Feature","id":656461379054,"geometry":{"type":"Points"},"properties":{"title":"ANA GODEFROY","size":100,"icon":"marker-15","place":"Radiant-Bellevue","style":"Humour","detailedStyle":"Humour","time":1812405600000,"time_string":"undefined","description":"https://radiant-bellevue.fr/spectacles/ana-godefroy/"}},{"type":"Feature","id":164136311167,"geometry":{"type":"Points"},"properties":{"title":"CATHERINE LARA","size":100,"icon":"marker-15","place":"Radiant-Bellevue","style":"Chanson","detailedStyle":"Musique - Chanson","time":1823119200000,"time_string":"undefined","description":"https://radiant-bellevue.fr/spectacles/catherine-lara/"}},{"type":"Feature","id":1695136665882,"geometry":{"type":"Points"},"properties":{"title":"LOUIS BERTIGNAC","size":100,"icon":"marker-15","place":"Radiant-Bellevue","style":"Chanson","detailedStyle":"Chanson","time":1826319600000,"time_string":"undefined","description":"https://radiant-bellevue.fr/spectacles/louis-bertignac/"}},{"type":"Feature","id":561111646525,"geometry":{"type":"Points"},"properties":{"title":"CHIMENE BADI","size":100,"icon":"marker-15","place":"Radiant-Bellevue","style":"Chanson","detailedStyle":"Chanson","time":1837638000000,"time_string":"undefined","description":"https://radiant-bellevue.fr/spectacles/chimene-badi-2/"}},{"type":"Feature","id":698030701938,"geometry":{"type":"Points"},"properties":{"title":"Techno Tank : Boticka & Moe","size":100,"icon":"marker-15","place":"Shotgun","style":"Hardstyle","detailedStyle":"Hardstyle","time":1786651200000,"time_string":"undefined","description":"https://shotgun.live/fr/events/technotank-43"}},{"type":"Feature","id":568736576200,"geometry":{"type":"Points"},"properties":{"title":"Jeudi Techno Arena : Zerka - Asley - Lucss","size":100,"icon":"marker-15","place":"Shotgun","style":"Electro","detailedStyle":"Industrial","time":1786656600000,"time_string":"undefined","description":"https://shotgun.live/fr/events/arena-jeudi-techno-7"}},{"type":"Feature","id":654897364969,"geometry":{"type":"Points"},"properties":{"title":"Flash Hit : Projet X 2000's","size":100,"icon":"marker-15","place":"Shotgun","style":"Electro","detailedStyle":"Club","time":1786737600000,"time_string":"undefined","description":"https://shotgun.live/fr/events/flashhitprojetx"}},{"type":"Feature","id":825532382273,"geometry":{"type":"Points"},"properties":{"title":"Club X Hidden Garden W/ Marcal, Iman Janes, Melato","size":100,"icon":"marker-15","place":"Shotgun","style":"Live","detailedStyle":"","time":1786741200000,"time_string":"undefined","description":"https://shotgun.live/fr/events/club-hiddengarden"}},{"type":"Feature","id":1336436383022,"geometry":{"type":"Points"},"properties":{"title":"Concert À Mâcon: Ravel, Debussy, Vivaldi, Cantemir, Mozart,","size":100,"icon":"marker-15","place":"Shotgun","style":"Live","detailedStyle":"","time":1786730400000,"time_string":"undefined","description":"https://shotgun.live/fr/events/concert-a-macon-ravel-debussy-vivaldi-cantemir-mozart"}},{"type":"Feature","id":12321543639,"geometry":{"type":"Points"},"properties":{"title":"Summer Night At Six Brotteaux - 14/08","size":100,"icon":"marker-15","place":"Shotgun","style":"Electro","detailedStyle":"Club","time":1786737600000,"time_string":"undefined","description":"https://shotgun.live/fr/events/summer-night-at-six-brotteaux-14-08"}},{"type":"Feature","id":1640062111045,"geometry":{"type":"Points"},"properties":{"title":"Welcome To Fabulous Tank East - Mendi Anl & MC Mada","size":100,"icon":"marker-15","place":"Shotgun","style":"Amapiano","detailedStyle":"Amapiano","time":1786741200000,"time_string":"undefined","description":"https://shotgun.live/fr/events/grosse-soiree-100-shatta-rap-us-afro-au-tank-50"}},{"type":"Feature","id":275992977453,"geometry":{"type":"Points"},"properties":{"title":"This Is Techno (Rave) : Chast, Lörr B2b Dsprnc","size":100,"icon":"marker-15","place":"Shotgun","style":"Live","detailedStyle":"","time":1786743000000,"time_string":"undefined","description":"https://shotgun.live/fr/events/this-is-techno-rave-chast-lorrb2bdsprnc"}},{"type":"Feature","id":632587611527,"geometry":{"type":"Points"},"properties":{"title":"\" Code 97 \"","size":100,"icon":"marker-15","place":"Shotgun","style":"Bouyon","detailedStyle":"Bouyon","time":1786743000000,"time_string":"undefined","description":"https://shotgun.live/fr/events/code-97"}},{"type":"Feature","id":159564072610,"geometry":{"type":"Points"},"properties":{"title":"Club W/ Mastaï, Debasement (Live), Ttristana","size":100,"icon":"marker-15","place":"Shotgun","style":"Live","detailedStyle":"","time":1786827600000,"time_string":"undefined","description":"https://shotgun.live/fr/events/club-mastai-debasement-ttristana"}},{"type":"Feature","id":1496107697147,"geometry":{"type":"Points"},"properties":{"title":"Poly • Pocket : Byche All Night Long","size":100,"icon":"marker-15","place":"Shotgun","style":"Electro","detailedStyle":"Trance","time":1786816800000,"time_string":"undefined","description":"https://shotgun.live/fr/events/poly-pocket-byche-all-night-long"}},{"type":"Feature","id":1208767716265,"geometry":{"type":"Points"},"properties":{"title":"Back To Summer Hits À La Maison M","size":100,"icon":"marker-15","place":"Shotgun","style":"Rap","detailedStyle":"Rap","time":1786824000000,"time_string":"undefined","description":"https://shotgun.live/fr/events/back-to-summer-hits-soiree-ete-lyon"}},{"type":"Feature","id":1361401128038,"geometry":{"type":"Points"},"properties":{"title":"Journées du patrimoine 2026 Visites guidées du fil !","size":100,"icon":"marker-15","place":"Le fil","style":"Découverte","detailedStyle":"Découverte","time":1789808400000,"time_string":"undefined","description":"https://www.le-fil.com/evenement/journees-du-patrimoine-2026/"}},{"type":"Feature","id":980907386357,"geometry":{"type":"Points"},"properties":{"title":"Journées du patrimoine 2026 Visites guidées du fil !","size":100,"icon":"marker-15","place":"Le fil","style":"Découverte","detailedStyle":"Découverte","time":1789907400000,"time_string":"undefined","description":"https://www.le-fil.com/evenement/journees-du-patrimoine-2026-2/"}},{"type":"Feature","id":1407944727933,"geometry":{"type":"Points"},"properties":{"title":"Les Chénopodes Sur la terrasse !","size":100,"icon":"marker-15","place":"Le fil","style":"Chanson","detailedStyle":"Chanson tropicale","time":1790265600000,"time_string":"undefined","description":"https://www.le-fil.com/evenement/les-chenopodes/"}},{"type":"Feature","id":1041481510965,"geometry":{"type":"Points"},"properties":{"title":"Section rythmique & groove Avec Pacôme Rotondo (guitare), Raphaël Vallade et Yannick Urbani (basse & batterie - Babylon Circus)","size":100,"icon":"marker-15","place":"Le fil","style":"Atelier","detailedStyle":"Atelier","time":1790701200000,"time_string":"undefined","description":"https://www.le-fil.com/evenement/section-rythmique-groove/"}},{"type":"Feature","id":1130416018021,"geometry":{"type":"Points"},"properties":{"title":"Talisco + Apex Music Club","size":100,"icon":"marker-15","place":"Le fil","style":"Rock","detailedStyle":"Pop","time":1790879400000,"time_string":"undefined","description":"https://www.le-fil.com/evenement/talisco/"}},{"type":"Feature","id":948224749134,"geometry":{"type":"Points"},"properties":{"title":"Tellement marrant·e·s Laura Domenge + Sofia Belabbes + Tahnee + Louis Cattelat","size":100,"icon":"marker-15","place":"Le fil","style":"humour","detailedStyle":"humour","time":1790965800000,"time_string":"undefined","description":"https://www.le-fil.com/evenement/tellement-marrant-e-s/"}},{"type":"Feature","id":1476651154221,"geometry":{"type":"Points"},"properties":{"title":"Meryl","size":100,"icon":"marker-15","place":"Le fil","style":"World","detailedStyle":"Shatta","time":1791052200000,"time_string":"undefined","description":"https://www.le-fil.com/evenement/meryl/"}},{"type":"Feature","id":1449466628443,"geometry":{"type":"Points"},"properties":{"title":"Svinkels Family & Friends","size":100,"icon":"marker-15","place":"Le fil","style":"Rap","detailedStyle":"Hip-hop","time":1791570600000,"time_string":"undefined","description":"https://www.le-fil.com/evenement/svinkels-family-friends/"}},{"type":"Feature","id":86818170845,"geometry":{"type":"Points"},"properties":{"title":"Orchestra Baobab","size":100,"icon":"marker-15","place":"Le fil","style":"Live","detailedStyle":"Coup de coeur Musique du monde","time":1791657000000,"time_string":"undefined","description":"https://www.le-fil.com/evenement/orchestra-baobab/"}},{"type":"Feature","id":1635879143635,"geometry":{"type":"Points"},"properties":{"title":"Mixage en M.A.O : les fondamentaux Avec Jules Payen, ingénieur son","size":100,"icon":"marker-15","place":"Le fil","style":"Atelier","detailedStyle":"Atelier","time":1791910800000,"time_string":"undefined","description":"https://www.le-fil.com/evenement/mixage-en-m-a-o-les-fondamentaux/"}},{"type":"Feature","id":1388103085320,"geometry":{"type":"Points"},"properties":{"title":"Sainté accueille ses étudiant·es : Bianca Costa + Sheldon + CT-84","size":100,"icon":"marker-15","place":"Le fil","style":"Rock","detailedStyle":"Urban Pop","time":1792089000000,"time_string":"undefined","description":"https://www.le-fil.com/evenement/bianca-costa/"}},{"type":"Feature","id":205660551077,"geometry":{"type":"Points"},"properties":{"title":"NNY Fest : DOPPLeR + La Jungle + Tachycardie + Trognon","size":100,"icon":"marker-15","place":"Le fil","style":"Rock","detailedStyle":"Noise Rock","time":1792175400000,"time_string":"undefined","description":"https://www.le-fil.com/evenement/doppler/"}},{"type":"Feature","id":1192012868395,"geometry":{"type":"Points"},"properties":{"title":"The Brooks + TIWAYO","size":100,"icon":"marker-15","place":"Le fil","style":"Rock","detailedStyle":"Funk","time":1792261800000,"time_string":"undefined","description":"https://www.le-fil.com/evenement/the-brooks/"}},{"type":"Feature","id":239415320164,"geometry":{"type":"Points"},"properties":{"title":"Tif","size":100,"icon":"marker-15","place":"Le fil","style":"Rap","detailedStyle":"Rap","time":1792780200000,"time_string":"undefined","description":"https://www.le-fil.com/evenement/tif/"}},{"type":"Feature","id":248233579106,"geometry":{"type":"Points"},"properties":{"title":"Kery James + première partie","size":100,"icon":"marker-15","place":"Le fil","style":"Rap","detailedStyle":"Rap","time":1793993400000,"time_string":"undefined","description":"https://www.le-fil.com/evenement/kery-james/"}},{"type":"Feature","id":225910659196,"geometry":{"type":"Points"},"properties":{"title":"Folie’s","size":100,"icon":"marker-15","place":"Le fil","style":"Rock","detailedStyle":"Urban Pop","time":1794079800000,"time_string":"undefined","description":"https://www.le-fil.com/evenement/folies/"}},{"type":"Feature","id":215118752514,"geometry":{"type":"Points"},"properties":{"title":"Stranded Horse & Boubacar Cissokho Concert immersif allongé !","size":100,"icon":"marker-15","place":"Le fil","style":"Chanson","detailedStyle":"Concert immersif Folk mandingue","time":1794508200000,"time_string":"undefined","description":"https://www.le-fil.com/evenement/stranded-horse-boubacar-cissokho/"}},{"type":"Feature","id":1745810687996,"geometry":{"type":"Points"},"properties":{"title":"Live Dub Session by AFTRWRK Ondubground B2B Mahom B2B Full Dub + Kanka + Art-X + Hermit","size":100,"icon":"marker-15","place":"Le fil","style":"Electro","detailedStyle":"Dub","time":1794603600000,"time_string":"undefined","description":"https://www.le-fil.com/evenement/live-dub-session-by-aftrwrk-2/"}},{"type":"Feature","id":1345640620996,"geometry":{"type":"Points"},"properties":{"title":"Didier Super Et son groupe Discount","size":100,"icon":"marker-15","place":"Le fil","style":"Rock","detailedStyle":"Rock","time":1794684600000,"time_string":"undefined","description":"https://www.le-fil.com/evenement/didier-super/"}},{"type":"Feature","id":1746902688311,"geometry":{"type":"Points"},"properties":{"title":"The Inspector Cluzo + Première partie","size":100,"icon":"marker-15","place":"Le fil","style":"Rock","detailedStyle":"Rock","time":1795203000000,"time_string":"undefined","description":"https://www.le-fil.com/evenement/the-inspector-cluzo/"}},{"type":"Feature","id":1601664229644,"geometry":{"type":"Points"},"properties":{"title":"Robert Finley + première partie","size":100,"icon":"marker-15","place":"Le fil","style":"Blues","detailedStyle":"Blues","time":1795289400000,"time_string":"undefined","description":"https://www.le-fil.com/evenement/robert-finley/"}},{"type":"Feature","id":1010444924705,"geometry":{"type":"Points"},"properties":{"title":"Wallace Cleaver + première partie","size":100,"icon":"marker-15","place":"Le fil","style":"Rap","detailedStyle":"Rap","time":1795807800000,"time_string":"undefined","description":"https://www.le-fil.com/evenement/wallace-cleaver/"}},{"type":"Feature","id":677935933903,"geometry":{"type":"Points"},"properties":{"title":"Statut et fiscalité des artistes Avec Ludivine Ducrot, directrice du fil","size":100,"icon":"marker-15","place":"Le fil","style":"Atelier","detailedStyle":"Atelier","time":1796148000000,"time_string":"undefined","description":"https://www.le-fil.com/evenement/statut-et-fiscalite-des-artistes/"}},{"type":"Feature","id":1437220244007,"geometry":{"type":"Points"},"properties":{"title":"Amandine Lourdel","size":100,"icon":"marker-15","place":"Le fil","style":"humour","detailedStyle":"humour","time":1796326200000,"time_string":"undefined","description":"https://www.le-fil.com/evenement/amandine-lourdel/"}},{"type":"Feature","id":767312864200,"geometry":{"type":"Points"},"properties":{"title":"Cœur de Pirate + Suzanne Belaubre","size":100,"icon":"marker-15","place":"Le fil","style":"Chanson","detailedStyle":"Chanson location","time":1796844600000,"time_string":"undefined","description":"https://www.le-fil.com/evenement/coeur-de-pirate/"}},{"type":"Feature","id":841588387193,"geometry":{"type":"Points"},"properties":{"title":"Guadal Tejaz + 111","size":100,"icon":"marker-15","place":"Le fil","style":"Rock","detailedStyle":"Rock","time":1797017400000,"time_string":"undefined","description":"https://www.le-fil.com/evenement/guadal-tejaz/"}},{"type":"Feature","id":812858330643,"geometry":{"type":"Points"},"properties":{"title":"Mamacita Une nuit de reggaeton !","size":100,"icon":"marker-15","place":"Le fil","style":"World","detailedStyle":"Reggaeton","time":1797112800000,"time_string":"undefined","description":"https://www.le-fil.com/evenement/mamacita/"}},{"type":"Feature","id":1118362171697,"geometry":{"type":"Points"},"properties":{"title":"Yann Guillarme","size":100,"icon":"marker-15","place":"Le fil","style":"humour","detailedStyle":"humour","time":1800041400000,"time_string":"undefined","description":"https://www.le-fil.com/evenement/yann-guillarme/"}},{"type":"Feature","id":1578867623735,"geometry":{"type":"Points"},"properties":{"title":"Gildaa","size":100,"icon":"marker-15","place":"Le fil","style":"Chanson","detailedStyle":"Chanson","time":1800127800000,"time_string":"undefined","description":"https://www.le-fil.com/evenement/gildaa/"}},{"type":"Feature","id":1185353843680,"geometry":{"type":"Points"},"properties":{"title":"Zamdane Le spectacle Rahma","size":100,"icon":"marker-15","place":"Le fil","style":"Rap","detailedStyle":"Rap","time":1800646200000,"time_string":"undefined","description":"https://www.le-fil.com/evenement/zamdane/"}},{"type":"Feature","id":888342582631,"geometry":{"type":"Points"},"properties":{"title":"SKIP THE USE","size":100,"icon":"marker-15","place":"Le fil","style":"Rock","detailedStyle":"location Rock","time":1801251000000,"time_string":"undefined","description":"https://www.le-fil.com/evenement/skip-the-use/"}},{"type":"Feature","id":909435377190,"geometry":{"type":"Points"},"properties":{"title":"Ultra Vomit","size":100,"icon":"marker-15","place":"Le fil","style":"Rock","detailedStyle":"Métal","time":1801337400000,"time_string":"undefined","description":"https://www.le-fil.com/evenement/ultra-vomit/"}},{"type":"Feature","id":154049773438,"geometry":{"type":"Points"},"properties":{"title":"La P’tite Fumée","size":100,"icon":"marker-15","place":"Le fil","style":"Electro","detailedStyle":"Psytrance","time":1802460600000,"time_string":"undefined","description":"https://www.le-fil.com/evenement/la-ptite-fumee/"}},{"type":"Feature","id":1137266231741,"geometry":{"type":"Points"},"properties":{"title":"IZÏA","size":100,"icon":"marker-15","place":"Le fil","style":"Rock","detailedStyle":"Pop Rock","time":1804879800000,"time_string":"undefined","description":"https://www.le-fil.com/evenement/izia/"}},{"type":"Feature","id":1778311024344,"geometry":{"type":"Points"},"properties":{"title":"Leïla Huissoud \"Je suis venue te dire que je m'en fous\"","size":100,"icon":"marker-15","place":"Le fil","style":"Chanson","detailedStyle":"Chanson","time":1805571000000,"time_string":"undefined","description":"https://www.le-fil.com/evenement/leila-huissoud/"}},{"type":"Feature","id":1796009074326,"geometry":{"type":"Points"},"properties":{"title":"HOWLIN’ JAWS","size":100,"icon":"marker-15","place":"Le fil","style":"Rock","detailedStyle":"Rock","time":1806604200000,"time_string":"undefined","description":"https://www.le-fil.com/evenement/howlin-jaws/"}},{"type":"Feature","id":1589748773476,"geometry":{"type":"Points"},"properties":{"title":"Assassin + première partie","size":100,"icon":"marker-15","place":"Le fil","style":"Rap","detailedStyle":"Hip-hop","time":1806777000000,"time_string":"undefined","description":"https://www.le-fil.com/evenement/assassin/"}},{"type":"Feature","id":936729410606,"geometry":{"type":"Points"},"properties":{"title":"Léopold Lemarchand","size":100,"icon":"marker-15","place":"Le fil","style":"humour","detailedStyle":"humour","time":1807295400000,"time_string":"undefined","description":"https://www.le-fil.com/evenement/leopold-lemarchand/"}},{"type":"Feature","id":561989196307,"geometry":{"type":"Points"},"properties":{"title":"La Yegros + première partie","size":100,"icon":"marker-15","place":"Le fil","style":"Cumbia","detailedStyle":"Cumbia","time":1808418600000,"time_string":"undefined","description":"https://www.le-fil.com/evenement/la-yegros/"}},{"type":"Feature","id":1693593309722,"geometry":{"type":"Points"},"properties":{"title":"Djadja & Dinaz","size":100,"icon":"marker-15","place":"Zénith de Saint-Étienne","style":"Live","detailedStyle":"","time":1789840800000,"time_string":"undefined","description":"https://www.zenith-saint-etienne.fr/evenement/djadja-dinaz/"}},{"type":"Feature","id":440972183583,"geometry":{"type":"Points"},"properties":{"title":"ABBA MANIA","size":100,"icon":"marker-15","place":"Zénith de Saint-Étienne","style":"Live","detailedStyle":"","time":1790524800000,"time_string":"undefined","description":"https://www.zenith-saint-etienne.fr/evenement/abba-mania/"}},{"type":"Feature","id":1175531260904,"geometry":{"type":"Points"},"properties":{"title":"GENERATION CELINE","size":100,"icon":"marker-15","place":"Zénith de Saint-Étienne","style":"Live","detailedStyle":"","time":1790965800000,"time_string":"undefined","description":"https://www.zenith-saint-etienne.fr/evenement/generation-celine/"}},{"type":"Feature","id":262606410303,"geometry":{"type":"Points"},"properties":{"title":"VERONIQUE SANSON","size":100,"icon":"marker-15","place":"Zénith de Saint-Étienne","style":"Live","detailedStyle":"","time":1791655200000,"time_string":"undefined","description":"https://www.zenith-saint-etienne.fr/evenement/veronique-sanson/"}},{"type":"Feature","id":173335472151,"geometry":{"type":"Points"},"properties":{"title":"LA DAME DE PIERRE","size":100,"icon":"marker-15","place":"Zénith de Saint-Étienne","style":"Live","detailedStyle":"","time":1792261800000,"time_string":"undefined","description":"https://www.zenith-saint-etienne.fr/evenement/la-dame-de-pierre/"}},{"type":"Feature","id":1025311930347,"geometry":{"type":"Points"},"properties":{"title":"LE LAC DES CYGNES","size":100,"icon":"marker-15","place":"Zénith de Saint-Étienne","style":"Live","detailedStyle":"","time":1792778400000,"time_string":"undefined","description":"https://www.zenith-saint-etienne.fr/evenement/le-lac-des-cygnes-4/"}},{"type":"Feature","id":249416194579,"geometry":{"type":"Points"},"properties":{"title":"THE DEPECHE MODE EXPERIENCE","size":100,"icon":"marker-15","place":"Zénith de Saint-Étienne","style":"Live","detailedStyle":"","time":1792864800000,"time_string":"undefined","description":"https://www.zenith-saint-etienne.fr/evenement/the-depeche-mode-experience/"}},{"type":"Feature","id":518012537343,"geometry":{"type":"Points"},"properties":{"title":"CHRISTOPHE MAÉ","size":100,"icon":"marker-15","place":"Zénith de Saint-Étienne","style":"Live","detailedStyle":"","time":1794510000000,"time_string":"undefined","description":"https://www.zenith-saint-etienne.fr/evenement/christophe-mae/"}},{"type":"Feature","id":1490364955590,"geometry":{"type":"Points"},"properties":{"title":"CASSE-NOISETTE","size":100,"icon":"marker-15","place":"Zénith de Saint-Étienne","style":"Live","detailedStyle":"","time":1794754800000,"time_string":"undefined","description":"https://www.zenith-saint-etienne.fr/evenement/casse-noisette-2026/"}},{"type":"Feature","id":1154129103943,"geometry":{"type":"Points"},"properties":{"title":"PATRICK BRUEL","size":100,"icon":"marker-15","place":"Zénith de Saint-Étienne","style":"Live","detailedStyle":"","time":1795201200000,"time_string":"undefined","description":"https://www.zenith-saint-etienne.fr/evenement/patrick-bruel/"}},{"type":"Feature","id":890653227911,"geometry":{"type":"Points"},"properties":{"title":"CLAUDIO CAPEO","size":100,"icon":"marker-15","place":"Zénith de Saint-Étienne","style":"Live","detailedStyle":"","time":1795287600000,"time_string":"undefined","description":"https://www.zenith-saint-etienne.fr/evenement/claudio-capeo/"}},{"type":"Feature","id":1174934604944,"geometry":{"type":"Points"},"properties":{"title":"REDOUANE BOUGHERABA","size":100,"icon":"marker-15","place":"Zénith de Saint-Étienne","style":"Live","detailedStyle":"","time":1795460400000,"time_string":"undefined","description":"https://www.zenith-saint-etienne.fr/evenement/redouane-bougheraba/"}},{"type":"Feature","id":1325973962570,"geometry":{"type":"Points"},"properties":{"title":"FLORENT PAGNY","size":100,"icon":"marker-15","place":"Zénith de Saint-Étienne","style":"Live","detailedStyle":"","time":1795719600000,"time_string":"undefined","description":"https://www.zenith-saint-etienne.fr/evenement/florent-pagny/"}},{"type":"Feature","id":571192253060,"geometry":{"type":"Points"},"properties":{"title":"DISNEY EN CONCERT","size":100,"icon":"marker-15","place":"Zénith de Saint-Étienne","style":"Live","detailedStyle":"","time":1795892400000,"time_string":"undefined","description":"https://www.zenith-saint-etienne.fr/evenement/disney-en-concert/"}},{"type":"Feature","id":1679433525437,"geometry":{"type":"Points"},"properties":{"title":"DUB INC","size":100,"icon":"marker-15","place":"Zénith de Saint-Étienne","style":"Live","detailedStyle":"","time":1796497200000,"time_string":"undefined","description":"https://www.zenith-saint-etienne.fr/evenement/dub-inc/"}},{"type":"Feature","id":308797755092,"geometry":{"type":"Points"},"properties":{"title":"DUB INC","size":100,"icon":"marker-15","place":"Zénith de Saint-Étienne","style":"Live","detailedStyle":"","time":1796580000000,"time_string":"undefined","description":"https://www.zenith-saint-etienne.fr/evenement/dub-inc/"}},{"type":"Feature","id":614502224805,"geometry":{"type":"Points"},"properties":{"title":"THE JEFF PANACLOC COMPANY","size":100,"icon":"marker-15","place":"Zénith de Saint-Étienne","style":"Live","detailedStyle":"","time":1797015600000,"time_string":"undefined","description":"https://www.zenith-saint-etienne.fr/evenement/the-jeff-panacloc-company/"}},{"type":"Feature","id":1348944267673,"geometry":{"type":"Points"},"properties":{"title":"FABRICE EBOUÉ","size":100,"icon":"marker-15","place":"Zénith de Saint-Étienne","style":"Live","detailedStyle":"","time":1797620400000,"time_string":"undefined","description":"https://www.zenith-saint-etienne.fr/evenement/fabrice-eboue/"}},{"type":"Feature","id":1743827850687,"geometry":{"type":"Points"},"properties":{"title":"Il Etait une Fois…","size":100,"icon":"marker-15","place":"Zénith de Saint-Étienne","style":"Live","detailedStyle":"","time":1799434800000,"time_string":"undefined","description":"https://www.zenith-saint-etienne.fr/evenement/il-etait-une-fois/"}},{"type":"Feature","id":1238188239737,"geometry":{"type":"Points"},"properties":{"title":"THOMAS MARTY","size":100,"icon":"marker-15","place":"Zénith de Saint-Étienne","style":"Live","detailedStyle":"","time":1800126000000,"time_string":"undefined","description":"https://www.zenith-saint-etienne.fr/evenement/thomas-marty/"}},{"type":"Feature","id":98062167052,"geometry":{"type":"Points"},"properties":{"title":"RFM PARTY 80","size":100,"icon":"marker-15","place":"Zénith de Saint-Étienne","style":"Live","detailedStyle":"","time":1800644400000,"time_string":"undefined","description":"https://www.zenith-saint-etienne.fr/evenement/rfm-party-80/"}},{"type":"Feature","id":524174767616,"geometry":{"type":"Points"},"properties":{"title":"OCTOGONE MMA","size":100,"icon":"marker-15","place":"Zénith de Saint-Étienne","style":"Live","detailedStyle":"","time":1800727200000,"time_string":"undefined","description":"https://www.zenith-saint-etienne.fr/evenement/octogone-mma/"}},{"type":"Feature","id":1613839786919,"geometry":{"type":"Points"},"properties":{"title":"FOREVER","size":100,"icon":"marker-15","place":"Zénith de Saint-Étienne","style":"Live","detailedStyle":"","time":1801076400000,"time_string":"undefined","description":"https://www.zenith-saint-etienne.fr/evenement/forever/"}},{"type":"Feature","id":897384286664,"geometry":{"type":"Points"},"properties":{"title":"BIGFLO & OLI","size":100,"icon":"marker-15","place":"Zénith de Saint-Étienne","style":"Live","detailedStyle":"","time":1801164600000,"time_string":"undefined","description":"https://www.zenith-saint-etienne.fr/evenement/bigflo-oli/"}},{"type":"Feature","id":340224970848,"geometry":{"type":"Points"},"properties":{"title":"LES 4 SAISONS","size":100,"icon":"marker-15","place":"Zénith de Saint-Étienne","style":"Live","detailedStyle":"","time":1801249200000,"time_string":"undefined","description":"https://www.zenith-saint-etienne.fr/evenement/les-4-saisons/"}},{"type":"Feature","id":194839434909,"geometry":{"type":"Points"},"properties":{"title":"BERNARD LAVILLIERS","size":100,"icon":"marker-15","place":"Zénith de Saint-Étienne","style":"Live","detailedStyle":"","time":1801335600000,"time_string":"undefined","description":"https://www.zenith-saint-etienne.fr/evenement/bernard-lavilliers/"}},{"type":"Feature","id":650408017916,"geometry":{"type":"Points"},"properties":{"title":"500 VOIX POUR JOHNNY","size":100,"icon":"marker-15","place":"Zénith de Saint-Étienne","style":"Live","detailedStyle":"","time":1801414800000,"time_string":"undefined","description":"https://www.zenith-saint-etienne.fr/evenement/500-voix-pour-johnny/"}},{"type":"Feature","id":509836306526,"geometry":{"type":"Points"},"properties":{"title":"THE WORLD OF QUEEN","size":100,"icon":"marker-15","place":"Zénith de Saint-Étienne","style":"Live","detailedStyle":"","time":1811008800000,"time_string":"undefined","description":"https://www.zenith-saint-etienne.fr/evenement/the-world-of-queen-2/"}},{"type":"Feature","id":1261117741784,"geometry":{"type":"Points"},"properties":{"title":"SARAH SCHWAB","size":100,"icon":"marker-15","place":"Zénith de Saint-Étienne","style":"Live","detailedStyle":"","time":1812045600000,"time_string":"undefined","description":"https://www.zenith-saint-etienne.fr/evenement/sarah-schwab-2027/"}},{"type":"Feature","id":272368449138,"geometry":{"type":"Points"},"properties":{"title":"Le Lac des Cygnes","size":100,"icon":"marker-15","place":"Zénith de Saint-Étienne","style":"Live","detailedStyle":"","time":1812218400000,"time_string":"undefined","description":"https://www.zenith-saint-etienne.fr/evenement/le-lac-des-cygnes-2027/"}},{"type":"Feature","id":28873743586,"geometry":{"type":"Points"},"properties":{"title":"FREDERIC FRANCOIS","size":100,"icon":"marker-15","place":"Zénith de Saint-Étienne","style":"Live","detailedStyle":"","time":1812823200000,"time_string":"undefined","description":"https://www.zenith-saint-etienne.fr/evenement/frederic-francois/"}},{"type":"Feature","id":576833230505,"geometry":{"type":"Points"},"properties":{"title":"Vianney","size":100,"icon":"marker-15","place":"Zénith de Saint-Étienne","style":"Live","detailedStyle":"","time":1822413600000,"time_string":"undefined","description":"https://www.zenith-saint-etienne.fr/evenement/vianney/"}},{"type":"Feature","id":543199086881,"geometry":{"type":"Points"},"properties":{"title":"PHILIPPE CAVERIVIERE","size":100,"icon":"marker-15","place":"Zénith de Saint-Étienne","style":"Live","detailedStyle":"","time":1823450400000,"time_string":"undefined","description":"https://www.zenith-saint-etienne.fr/evenement/philippe-caveriviere/"}},{"type":"Feature","id":730857464252,"geometry":{"type":"Points"},"properties":{"title":"One Night Of Queen","size":100,"icon":"marker-15","place":"Zénith de Saint-Étienne","style":"Live","detailedStyle":"","time":1823625000000,"time_string":"undefined","description":"https://www.zenith-saint-etienne.fr/evenement/one-night-of-queen-2026/"}},{"type":"Feature","id":1076315860368,"geometry":{"type":"Points"},"properties":{"title":"Nino Arial","size":100,"icon":"marker-15","place":"Zénith de Saint-Étienne","style":"Live","detailedStyle":"","time":1823709600000,"time_string":"undefined","description":"https://www.zenith-saint-etienne.fr/evenement/nino-arial/"}},{"type":"Feature","id":844532848011,"geometry":{"type":"Points"},"properties":{"title":"I GOTTA FEELING","size":100,"icon":"marker-15","place":"Zénith de Saint-Étienne","style":"Live","detailedStyle":"","time":1826737200000,"time_string":"undefined","description":"https://www.zenith-saint-etienne.fr/evenement/i-gotta-feeling/"}},{"type":"Feature","id":291487583948,"geometry":{"type":"Points"},"properties":{"title":"HOSHI","size":100,"icon":"marker-15","place":"Zénith de Saint-Étienne","style":"Live","detailedStyle":"","time":1827342000000,"time_string":"undefined","description":"https://www.zenith-saint-etienne.fr/evenement/hoshi-2027/"}},{"type":"Feature","id":221377806997,"geometry":{"type":"Points"},"properties":{"title":"Patrick Fiori","size":100,"icon":"marker-15","place":"Zénith de Saint-Étienne","style":"Live","detailedStyle":"","time":1828983600000,"time_string":"undefined","description":"https://www.zenith-saint-etienne.fr/evenement/patrick-fiori-2027/"}},{"type":"Feature","id":783727238164,"geometry":{"type":"Points"},"properties":{"title":"FESTIVAL MONDIALE DE LA MAGIE","size":100,"icon":"marker-15","place":"Zénith de Saint-Étienne","style":"Live","detailedStyle":"","time":1832698800000,"time_string":"undefined","description":"https://www.zenith-saint-etienne.fr/evenement/festival-mondiale-de-la-magie/"}},{"type":"Feature","id":1581519160833,"geometry":{"type":"Points"},"properties":{"title":"Miami Vice","size":100,"icon":"marker-15","place":"La Belle Electrique","style":"Electro","detailedStyle":"Synth-Wave / Italo-Disco","time":1788562800000,"time_string":"undefined","description":"https://www.la-belle-electrique.com/fr/agenda/miami-vice-2-26"}},{"type":"Feature","id":517587369148,"geometry":{"type":"Points"},"properties":{"title":"Stand-up","size":100,"icon":"marker-15","place":"La Belle Electrique","style":"Live","detailedStyle":"","time":1788973200000,"time_string":"undefined","description":"https://www.la-belle-electrique.com/fr/agenda/stand-up"}},{"type":"Feature","id":194747655965,"geometry":{"type":"Points"},"properties":{"title":"ACTRESS M b2b MOODFINO + KENDAL + MALAGO","size":100,"icon":"marker-15","place":"La Belle Electrique","style":"Electro","detailedStyle":"Italo-Disco / Trance","time":1789250100000,"time_string":"undefined","description":"https://www.la-belle-electrique.com/fr/agenda/actress-m-moodfino-kendal-malago"}},{"type":"Feature","id":1002716117128,"geometry":{"type":"Points"},"properties":{"title":"BABOUSH + KARLFROYE + VON BIKRÄV","size":100,"icon":"marker-15","place":"La Belle Electrique","style":"Electro","detailedStyle":"Techno / Hardcore / Rap","time":1789854900000,"time_string":"undefined","description":"https://www.la-belle-electrique.com/fr/agenda/baboush-karlfroye-von-bikrav"}},{"type":"Feature","id":1678973632929,"geometry":{"type":"Points"},"properties":{"title":"Aller Simple • Déambulation + projection + concert BCUC","size":100,"icon":"marker-15","place":"La Belle Electrique","style":"Live","detailedStyle":"","time":1790359200000,"time_string":"undefined","description":"https://www.la-belle-electrique.com/fr/agenda/aller-simple"}},{"type":"Feature","id":1169049745676,"geometry":{"type":"Points"},"properties":{"title":"COMPLET • Meryl","size":100,"icon":"marker-15","place":"La Belle Electrique","style":"Electro","detailedStyle":"Hip-hop / Dancehall","time":1790791200000,"time_string":"undefined","description":"https://www.la-belle-electrique.com/fr/agenda/meryl"}},{"type":"Feature","id":1311121987348,"geometry":{"type":"Points"},"properties":{"title":"Gauvain Sers","size":100,"icon":"marker-15","place":"La Belle Electrique","style":"Chanson","detailedStyle":"Chanson française","time":1790877600000,"time_string":"undefined","description":"https://www.la-belle-electrique.com/fr/agenda/gauvain-sers"}},{"type":"Feature","id":1690770569394,"geometry":{"type":"Points"},"properties":{"title":"Rise Of The Northstar + Ten56.","size":100,"icon":"marker-15","place":"La Belle Electrique","style":"Rock","detailedStyle":"Metal","time":1790964000000,"time_string":"undefined","description":"https://www.la-belle-electrique.com/fr/agenda/rise-of-the-north-star"}},{"type":"Feature","id":1216195155947,"geometry":{"type":"Points"},"properties":{"title":"BRUNO BAZZETTI + PHASE FATALE + THE HACKER","size":100,"icon":"marker-15","place":"La Belle Electrique","style":"Electro","detailedStyle":"Techno","time":1791064500000,"time_string":"undefined","description":"https://www.la-belle-electrique.com/fr/agenda/bruno-bazzetti-phase-fatale-the-hacker"}},{"type":"Feature","id":87604471874,"geometry":{"type":"Points"},"properties":{"title":"Fakear","size":100,"icon":"marker-15","place":"La Belle Electrique","style":"Electro","detailedStyle":"Électro","time":1791396000000,"time_string":"undefined","description":"https://www.la-belle-electrique.com/fr/agenda/fakear"}},{"type":"Feature","id":1280039733119,"geometry":{"type":"Points"},"properties":{"title":"Big Ukulélé Syndicate • Pop Corn","size":100,"icon":"marker-15","place":"La Belle Electrique","style":"Chanson","detailedStyle":"Chanson","time":1791482400000,"time_string":"undefined","description":"https://www.la-belle-electrique.com/fr/agenda/big-ukulele-syndicate-26"}},{"type":"Feature","id":1548138645154,"geometry":{"type":"Points"},"properties":{"title":"COMPLET • Big Ukulélé Syndicate • Pop Corn","size":100,"icon":"marker-15","place":"La Belle Electrique","style":"Chanson","detailedStyle":"Chanson","time":1791568800000,"time_string":"undefined","description":"https://www.la-belle-electrique.com/fr/agenda/big-ukulele-syndicate"}},{"type":"Feature","id":1591217163419,"geometry":{"type":"Points"},"properties":{"title":"Zentone + Joe Yorke","size":100,"icon":"marker-15","place":"La Belle Electrique","style":"Electro","detailedStyle":"Dub","time":1792000800000,"time_string":"undefined","description":"https://www.la-belle-electrique.com/fr/agenda/zentone-et-joe-yorke-2026"}},{"type":"Feature","id":1050085415633,"geometry":{"type":"Points"},"properties":{"title":"COMPLET • Keziah Jones","size":100,"icon":"marker-15","place":"La Belle Electrique","style":"Rock","detailedStyle":"Funk / Blues","time":1792087200000,"time_string":"undefined","description":"https://www.la-belle-electrique.com/fr/agenda/keziah-jones"}},{"type":"Feature","id":652342139453,"geometry":{"type":"Points"},"properties":{"title":"Court-Circuit #20 • Bass Drum of Death","size":100,"icon":"marker-15","place":"La Belle Electrique","style":"Rock","detailedStyle":"Rock","time":1792087200000,"time_string":"undefined","description":"https://www.la-belle-electrique.com/fr/agenda/bass-drum-of-death"}},{"type":"Feature","id":1358086272802,"geometry":{"type":"Points"},"properties":{"title":"Danyl","size":100,"icon":"marker-15","place":"La Belle Electrique","style":"Rap","detailedStyle":"Rap","time":1792173600000,"time_string":"undefined","description":"https://www.la-belle-electrique.com/fr/agenda/danyl"}},{"type":"Feature","id":1207114660537,"geometry":{"type":"Points"},"properties":{"title":"Zamdane • Le Spectacle RAHMA","size":100,"icon":"marker-15","place":"La Belle Electrique","style":"Rap","detailedStyle":"Rap","time":1792605600000,"time_string":"undefined","description":"https://www.la-belle-electrique.com/fr/agenda/zamdane"}},{"type":"Feature","id":932949976577,"geometry":{"type":"Points"},"properties":{"title":"COMPLET • 47Ter","size":100,"icon":"marker-15","place":"La Belle Electrique","style":"Rap","detailedStyle":"Pop / Rap","time":1792778400000,"time_string":"undefined","description":"https://www.la-belle-electrique.com/fr/agenda/47ter"}},{"type":"Feature","id":567462393329,"geometry":{"type":"Points"},"properties":{"title":"oiZo","size":100,"icon":"marker-15","place":"La Belle Electrique","style":"Jeune Public","detailedStyle":"Jeune Public","time":1793180700000,"time_string":"undefined","description":"https://www.la-belle-electrique.com/fr/agenda/oizo"}},{"type":"Feature","id":1660163101735,"geometry":{"type":"Points"},"properties":{"title":"COMPLET • Carpenter Brut","size":100,"icon":"marker-15","place":"La Belle Electrique","style":"Electro","detailedStyle":"Metal / Électro","time":1793300400000,"time_string":"undefined","description":"https://www.la-belle-electrique.com/fr/agenda/carpenter-brut"}},{"type":"Feature","id":762294235469,"geometry":{"type":"Points"},"properties":{"title":"La P'tite Fumée","size":100,"icon":"marker-15","place":"La Belle Electrique","style":"Electro","detailedStyle":"Électro / Psytrance","time":1793386800000,"time_string":"undefined","description":"https://www.la-belle-electrique.com/fr/agenda/la-ptite-fumee"}},{"type":"Feature","id":1463499589776,"geometry":{"type":"Points"},"properties":{"title":"Dynamita's Night #38 Funkenstein edition • Mofak and the Mofeezy Band - Donna Gibson - An9els","size":100,"icon":"marker-15","place":"La Belle Electrique","style":"Rock","detailedStyle":"Funk","time":1793419200000,"time_string":"undefined","description":"https://www.la-belle-electrique.com/fr/agenda/dynamitas-night-38"}},{"type":"Feature","id":470978961106,"geometry":{"type":"Points"},"properties":{"title":"Dynamita's Night #38 Funkenstein edition • Mofak and the Mofeezy Band - Donna Gibson - An9els","size":100,"icon":"marker-15","place":"La Belle Electrique","style":"Rock","detailedStyle":"Funk","time":1793505600000,"time_string":"undefined","description":"https://www.la-belle-electrique.com/fr/agenda/dynamitas-night-38"}},{"type":"Feature","id":941894850247,"geometry":{"type":"Points"},"properties":{"title":"Julien Lieb","size":100,"icon":"marker-15","place":"Le Summum","style":"Live","detailedStyle":"Concert","time":1790805600000,"time_string":"undefined","description":"https://www.summum-grenoble.com/evenements/julien-lieb/"}},{"type":"Feature","id":1235646127806,"geometry":{"type":"Points"},"properties":{"title":"MANIA, THE ABBA TRIBUTE","size":100,"icon":"marker-15","place":"Le Summum","style":"Live","detailedStyle":"Concert","time":1790978400000,"time_string":"undefined","description":"https://www.summum-grenoble.com/evenements/mania-the-abba-tribute/"}},{"type":"Feature","id":1242902008189,"geometry":{"type":"Points"},"properties":{"title":"Brel ! Le Spectacle","size":100,"icon":"marker-15","place":"Le Summum","style":"Live","detailedStyle":"Concert","time":1792188000000,"time_string":"undefined","description":"https://www.summum-grenoble.com/evenements/brel-le-spectacle/"}},{"type":"Feature","id":954835084052,"geometry":{"type":"Points"},"properties":{"title":"Dub Inc","size":100,"icon":"marker-15","place":"Le Summum","style":"Live","detailedStyle":"Concert","time":1794006000000,"time_string":"undefined","description":"https://www.summum-grenoble.com/evenements/dub-inc/"}},{"type":"Feature","id":645145566643,"geometry":{"type":"Points"},"properties":{"title":"Glorious","size":100,"icon":"marker-15","place":"Le Summum","style":"Live","detailedStyle":"Concert","time":1794092400000,"time_string":"undefined","description":"https://www.summum-grenoble.com/evenements/glorious/"}},{"type":"Feature","id":244874829954,"geometry":{"type":"Points"},"properties":{"title":"Hiba Tawaji invite Ibrahim Maalouf","size":100,"icon":"marker-15","place":"Le Summum","style":"Live","detailedStyle":"Concert","time":1795042800000,"time_string":"undefined","description":"https://www.summum-grenoble.com/evenements/hiba-tawaji-invite-ibrahim-maalouf/"}},{"type":"Feature","id":770610719577,"geometry":{"type":"Points"},"properties":{"title":"Lords of the Sound","size":100,"icon":"marker-15","place":"Le Summum","style":"Live","detailedStyle":"Concert","time":1795647600000,"time_string":"undefined","description":"https://www.summum-grenoble.com/evenements/lords-of-the-sound/"}},{"type":"Feature","id":328875076411,"geometry":{"type":"Points"},"properties":{"title":"Saez","size":100,"icon":"marker-15","place":"Le Summum","style":"Live","detailedStyle":"Concert","time":1796079600000,"time_string":"undefined","description":"https://www.summum-grenoble.com/evenements/saez/"}},{"type":"Feature","id":564722176206,"geometry":{"type":"Points"},"properties":{"title":"Goldmen","size":100,"icon":"marker-15","place":"Le Summum","style":"Live","detailedStyle":"Concert","time":1796338800000,"time_string":"undefined","description":"https://www.summum-grenoble.com/evenements/goldmen/"}},{"type":"Feature","id":1382732280364,"geometry":{"type":"Points"},"properties":{"title":"Marine","size":100,"icon":"marker-15","place":"Le Summum","style":"Live","detailedStyle":"Concert","time":1796425200000,"time_string":"undefined","description":"https://www.summum-grenoble.com/evenements/marine/"}},{"type":"Feature","id":745447091882,"geometry":{"type":"Points"},"properties":{"title":"Requiem pour un Fou","size":100,"icon":"marker-15","place":"Le Summum","style":"Live","detailedStyle":"Concert","time":1796511600000,"time_string":"undefined","description":"https://www.summum-grenoble.com/evenements/requiem-pour-un-fou/"}},{"type":"Feature","id":944855025107,"geometry":{"type":"Points"},"properties":{"title":"Ensemble!!!","size":100,"icon":"marker-15","place":"Le Summum","style":"Live","detailedStyle":"Concert","time":1796943600000,"time_string":"undefined","description":"https://www.summum-grenoble.com/evenements/ensemble/"}},{"type":"Feature","id":341854906045,"geometry":{"type":"Points"},"properties":{"title":"Benjamin Biolay","size":100,"icon":"marker-15","place":"Le Summum","style":"Live","detailedStyle":"Concert","time":1797462000000,"time_string":"undefined","description":"https://www.summum-grenoble.com/evenements/benjamin-biolay/"}},{"type":"Feature","id":196923711097,"geometry":{"type":"Points"},"properties":{"title":"Linh","size":100,"icon":"marker-15","place":"Le Summum","style":"Live","detailedStyle":"Concert","time":1797548400000,"time_string":"undefined","description":"https://www.summum-grenoble.com/evenements/linh/"}},{"type":"Feature","id":1040545505534,"geometry":{"type":"Points"},"properties":{"title":"The Musical Story of Elvis","size":100,"icon":"marker-15","place":"Le Summum","style":"Live","detailedStyle":"Concert","time":1798930800000,"time_string":"undefined","description":"https://www.summum-grenoble.com/evenements/the-musical-story-of-elvis/"}},{"type":"Feature","id":1451345455743,"geometry":{"type":"Points"},"properties":{"title":"RFM Party 80 – Les 20 ans","size":100,"icon":"marker-15","place":"Le Summum","style":"Live","detailedStyle":"Concert","time":1799362800000,"time_string":"undefined","description":"https://www.summum-grenoble.com/evenements/rfm-party-80-les-20-ans/"}},{"type":"Feature","id":1571158801861,"geometry":{"type":"Points"},"properties":{"title":"Robot Rock Alive","size":100,"icon":"marker-15","place":"Le Summum","style":"Live","detailedStyle":"Concert","time":1799967600000,"time_string":"undefined","description":"https://www.summum-grenoble.com/evenements/robot-rock-alive/"}},{"type":"Feature","id":43822995746,"geometry":{"type":"Points"},"properties":{"title":"De Michel à France","size":100,"icon":"marker-15","place":"Le Summum","style":"Live","detailedStyle":"Concert","time":1800658800000,"time_string":"undefined","description":"https://www.summum-grenoble.com/evenements/de-michel-a-france/"}},{"type":"Feature","id":1311004618360,"geometry":{"type":"Points"},"properties":{"title":"Bernard Lavilliers","size":100,"icon":"marker-15","place":"Le Summum","style":"Live","detailedStyle":"Concert","time":1801177200000,"time_string":"undefined","description":"https://www.summum-grenoble.com/evenements/bernard-lavilliers/"}},{"type":"Feature","id":846432633081,"geometry":{"type":"Points"},"properties":{"title":"Aldebert","size":100,"icon":"marker-15","place":"Le Summum","style":"Live","detailedStyle":"Concert","time":1801263600000,"time_string":"undefined","description":"https://www.summum-grenoble.com/evenements/aldebert/"}},{"type":"Feature","id":616640301675,"geometry":{"type":"Points"},"properties":{"title":"Véronic Dicaire","size":100,"icon":"marker-15","place":"Le Summum","style":"Live","detailedStyle":"Concert","time":1801954800000,"time_string":"undefined","description":"https://www.summum-grenoble.com/evenements/veronic-dicaire/"}},{"type":"Feature","id":494369089855,"geometry":{"type":"Points"},"properties":{"title":"Hubert-Félix Thiefaine","size":100,"icon":"marker-15","place":"Le Summum","style":"Live","detailedStyle":"Concert","time":1802559600000,"time_string":"undefined","description":"https://www.summum-grenoble.com/evenements/hubert-felix-thiefaine/"}},{"type":"Feature","id":1058236765333,"geometry":{"type":"Points"},"properties":{"title":"The Australian Pink Floyd Show","size":100,"icon":"marker-15","place":"Le Summum","style":"Live","detailedStyle":"Concert","time":1804114800000,"time_string":"undefined","description":"https://www.summum-grenoble.com/evenements/the-australian-pink-floyd-show/"}},{"type":"Feature","id":919431984812,"geometry":{"type":"Points"},"properties":{"title":"Deluxe","size":100,"icon":"marker-15","place":"Le Summum","style":"Live","detailedStyle":"Concert","time":1804287600000,"time_string":"undefined","description":"https://www.summum-grenoble.com/evenements/deluxe/"}},{"type":"Feature","id":1127015359714,"geometry":{"type":"Points"},"properties":{"title":"500 Voix pour Johnny","size":100,"icon":"marker-15","place":"Le Summum","style":"Live","detailedStyle":"Concert","time":1804978800000,"time_string":"undefined","description":"https://www.summum-grenoble.com/evenements/500-voix-pour-johnny/"}},{"type":"Feature","id":706577779747,"geometry":{"type":"Points"},"properties":{"title":"The U2 Experience","size":100,"icon":"marker-15","place":"Le Summum","style":"Live","detailedStyle":"Concert","time":1805324400000,"time_string":"undefined","description":"https://www.summum-grenoble.com/evenements/the-u2-experience/"}},{"type":"Feature","id":337656488097,"geometry":{"type":"Points"},"properties":{"title":"Medine","size":100,"icon":"marker-15","place":"Le Summum","style":"Live","detailedStyle":"Concert","time":1806102000000,"time_string":"undefined","description":"https://www.summum-grenoble.com/evenements/medine/"}},{"type":"Feature","id":475278058519,"geometry":{"type":"Points"},"properties":{"title":"Sarah Schwab","size":100,"icon":"marker-15","place":"Le Summum","style":"Live","detailedStyle":"Concert","time":1806444000000,"time_string":"undefined","description":"https://www.summum-grenoble.com/evenements/sarah-schwab/"}},{"type":"Feature","id":1142984320913,"geometry":{"type":"Points"},"properties":{"title":"Goldman, 200 Voix pour une Légende","size":100,"icon":"marker-15","place":"Le Summum","style":"Live","detailedStyle":"Concert","time":1806616800000,"time_string":"undefined","description":"https://www.summum-grenoble.com/evenements/goldman-200-voix-pour-une-legende/"}},{"type":"Feature","id":1292642976497,"geometry":{"type":"Points"},"properties":{"title":"Légende Balavoine","size":100,"icon":"marker-15","place":"Le Summum","style":"Live","detailedStyle":"Concert","time":1807048800000,"time_string":"undefined","description":"https://www.summum-grenoble.com/evenements/legende-balavoine/"}},{"type":"Feature","id":127699925956,"geometry":{"type":"Points"},"properties":{"title":"Roberto Alagna","size":100,"icon":"marker-15","place":"Le Summum","style":"Live","detailedStyle":"Concert","time":1807394400000,"time_string":"undefined","description":"https://www.summum-grenoble.com/evenements/roberto-alagna/"}},{"type":"Feature","id":522816402407,"geometry":{"type":"Points"},"properties":{"title":"Flashdance – The Musical","size":100,"icon":"marker-15","place":"Le Summum","style":"Live","detailedStyle":"Concert","time":1807740000000,"time_string":"undefined","description":"https://www.summum-grenoble.com/evenements/flashdance-the-musical/"}},{"type":"Feature","id":1355588108545,"geometry":{"type":"Points"},"properties":{"title":"Sergio Cortés – Michael Celebration","size":100,"icon":"marker-15","place":"Le Summum","style":"Live","detailedStyle":"Concert","time":1807826400000,"time_string":"undefined","description":"https://www.summum-grenoble.com/evenements/sergio-cortes-michael-celebration/"}},{"type":"Feature","id":1704296822285,"geometry":{"type":"Points"},"properties":{"title":"Meute","size":100,"icon":"marker-15","place":"Le Summum","style":"Live","detailedStyle":"Concert","time":1807912800000,"time_string":"undefined","description":"https://www.summum-grenoble.com/evenements/meute/"}},{"type":"Feature","id":1401813861710,"geometry":{"type":"Points"},"properties":{"title":"Zazie","size":100,"icon":"marker-15","place":"Le Summum","style":"Live","detailedStyle":"Concert","time":1808431200000,"time_string":"undefined","description":"https://www.summum-grenoble.com/evenements/zazie/"}},{"type":"Feature","id":633813103324,"geometry":{"type":"Points"},"properties":{"title":"The World of Queen","size":100,"icon":"marker-15","place":"Le Summum","style":"Live","detailedStyle":"Concert","time":1810850400000,"time_string":"undefined","description":"https://www.summum-grenoble.com/evenements/the-world-of-queen/"}},{"type":"Feature","id":135153275351,"geometry":{"type":"Points"},"properties":{"title":"Christophe Willem","size":100,"icon":"marker-15","place":"Le Summum","style":"Live","detailedStyle":"Concert","time":1824674400000,"time_string":"undefined","description":"https://www.summum-grenoble.com/evenements/christophe-willem/"}},{"type":"Feature","id":1297381888217,"geometry":{"type":"Points"},"properties":{"title":"Les Années 80","size":100,"icon":"marker-15","place":"Le Summum","style":"Live","detailedStyle":"Concert","time":1827183600000,"time_string":"undefined","description":"https://www.summum-grenoble.com/evenements/les-annees-80/"}},{"type":"Feature","id":1127347888273,"geometry":{"type":"Points"},"properties":{"title":"Jimmy Sax","size":100,"icon":"marker-15","place":"Le Summum","style":"Live","detailedStyle":"Concert","time":1831503600000,"time_string":"undefined","description":"https://www.summum-grenoble.com/evenements/jimmy-sax/"}},{"type":"Feature","id":611141316200,"geometry":{"type":"Points"},"properties":{"title":"Piaf ! Le Spectacle","size":100,"icon":"marker-15","place":"Le Summum","style":"Live","detailedStyle":"Concert","time":1835132400000,"time_string":"undefined","description":"https://www.summum-grenoble.com/evenements/piaf-le-spectacle/"}},{"type":"Feature","id":84216713692,"geometry":{"type":"Points"},"properties":{"title":"Johnny Symphonique","size":100,"icon":"marker-15","place":"Le Summum","style":"Live","detailedStyle":"Concert","time":1835737200000,"time_string":"undefined","description":"https://www.summum-grenoble.com/evenements/johnny-symphonique/"}},{"type":"Feature","id":1378043809696,"geometry":{"type":"Points"},"properties":{"title":"Ouverture de saison","size":100,"icon":"marker-15","place":"La Source","style":"Live","detailedStyle":"","time":1789682400000,"time_string":"undefined","description":"https://lasource-fontaine.fr/event/ouverture-de-saison/"}},{"type":"Feature","id":1272650516230,"geometry":{"type":"Points"},"properties":{"title":"Anaïs « Les 20 ans du Cheap Show » + Bouche Carrée","size":100,"icon":"marker-15","place":"La Source","style":"Live","detailedStyle":"","time":1790287200000,"time_string":"undefined","description":"https://lasource-fontaine.fr/event/anais-les-20-ans-du-cheap-show/"}},{"type":"Feature","id":1204865194125,"geometry":{"type":"Points"},"properties":{"title":"Léon Phal","size":100,"icon":"marker-15","place":"La Source","style":"Live","detailedStyle":"","time":1790805600000,"time_string":"undefined","description":"https://lasource-fontaine.fr/event/leon-phal/"}},{"type":"Feature","id":1359885098593,"geometry":{"type":"Points"},"properties":{"title":"Meryem Benoua « Reflet »","size":100,"icon":"marker-15","place":"La Source","style":"Live","detailedStyle":"","time":1790892000000,"time_string":"undefined","description":"https://lasource-fontaine.fr/event/meyrem-benoua/"}},{"type":"Feature","id":1022750083703,"geometry":{"type":"Points"},"properties":{"title":"Rodolphe Burger Replay KraftWerk","size":100,"icon":"marker-15","place":"La Source","style":"Live","detailedStyle":"","time":1791410400000,"time_string":"undefined","description":"https://lasource-fontaine.fr/event/rodolphe-burger-replay-kraftwerk/"}},{"type":"Feature","id":1592310740923,"geometry":{"type":"Points"},"properties":{"title":"Le Micro de la love","size":100,"icon":"marker-15","place":"La Source","style":"Live","detailedStyle":"","time":1791496800000,"time_string":"undefined","description":"https://lasource-fontaine.fr/event/le-micro-de-la-love/"}},{"type":"Feature","id":475532677687,"geometry":{"type":"Points"},"properties":{"title":"Super Parquet + Aflama","size":100,"icon":"marker-15","place":"La Source","style":"Live","detailedStyle":"","time":1792101600000,"time_string":"undefined","description":"https://lasource-fontaine.fr/event/super-parquet-aflama/"}},{"type":"Feature","id":632086835858,"geometry":{"type":"Points"},"properties":{"title":"Ego le cachalot","size":100,"icon":"marker-15","place":"La Source","style":"Live","detailedStyle":"","time":1792533600000,"time_string":"undefined","description":"https://lasource-fontaine.fr/event/ego-le-cachalot/"}},{"type":"Feature","id":765483675381,"geometry":{"type":"Points"},"properties":{"title":"Ben l’Oncle Soul + Naphasso","size":100,"icon":"marker-15","place":"La Source","style":"Live","detailedStyle":"","time":1792706400000,"time_string":"undefined","description":"https://lasource-fontaine.fr/event/ben-loncle-soul/"}},{"type":"Feature","id":890535413606,"geometry":{"type":"Points"},"properties":{"title":"Marta + Panash","size":100,"icon":"marker-15","place":"La Source","style":"Live","detailedStyle":"","time":1793833200000,"time_string":"undefined","description":"https://lasource-fontaine.fr/event/marta-panash/"}},{"type":"Feature","id":1556119776346,"geometry":{"type":"Points"},"properties":{"title":"Alela Diane + The Hackles","size":100,"icon":"marker-15","place":"La Source","style":"Live","detailedStyle":"","time":1794524400000,"time_string":"undefined","description":"https://lasource-fontaine.fr/event/alela-diane/"}},{"type":"Feature","id":229120457840,"geometry":{"type":"Points"},"properties":{"title":"Aïtawa + Captain XXI","size":100,"icon":"marker-15","place":"La Source","style":"Live","detailedStyle":"","time":1795042800000,"time_string":"undefined","description":"https://lasource-fontaine.fr/event/aitawa-captain-xxi/"}},{"type":"Feature","id":1143196437435,"geometry":{"type":"Points"},"properties":{"title":"Gildaa + Ada Unn","size":100,"icon":"marker-15","place":"La Source","style":"Live","detailedStyle":"","time":1795129200000,"time_string":"undefined","description":"https://lasource-fontaine.fr/event/gildaa/"}},{"type":"Feature","id":1473770705970,"geometry":{"type":"Points"},"properties":{"title":"Harold Lopez-Nussa – Suite Habana –","size":100,"icon":"marker-15","place":"La Source","style":"Live","detailedStyle":"","time":1795561200000,"time_string":"undefined","description":"https://lasource-fontaine.fr/event/6331/"}},{"type":"Feature","id":1716574483794,"geometry":{"type":"Points"},"properties":{"title":"Sheldon","size":100,"icon":"marker-15","place":"La Source","style":"Live","detailedStyle":"","time":1795734000000,"time_string":"undefined","description":"https://lasource-fontaine.fr/event/sheldon/"}},{"type":"Feature","id":795822252987,"geometry":{"type":"Points"},"properties":{"title":"Minos, par Marthe","size":100,"icon":"marker-15","place":"La Source","style":"Live","detailedStyle":"","time":1796252400000,"time_string":"undefined","description":"https://lasource-fontaine.fr/event/minos-par-marthe/"}},{"type":"Feature","id":608772238875,"geometry":{"type":"Points"},"properties":{"title":"Pony Pony Run Run + Blue Laïka","size":100,"icon":"marker-15","place":"La Source","style":"Live","detailedStyle":"","time":1796943600000,"time_string":"undefined","description":"https://lasource-fontaine.fr/event/pony-pony-run-run-blue-laika/"}},{"type":"Feature","id":257996222857,"geometry":{"type":"Points"},"properties":{"title":"La Cabane aux quatre vents","size":100,"icon":"marker-15","place":"La Source","style":"Live","detailedStyle":"","time":1797289200000,"time_string":"undefined","description":"https://lasource-fontaine.fr/event/la-cabane-au-quatre-vents/"}},{"type":"Feature","id":424484096248,"geometry":{"type":"Points"},"properties":{"title":"Walid Ben Selim « Here and Now »","size":100,"icon":"marker-15","place":"La Source","style":"Live","detailedStyle":"","time":1797548400000,"time_string":"undefined","description":"https://lasource-fontaine.fr/event/walid-ben-selim-here-and-now/"}},{"type":"Feature","id":383514885513,"geometry":{"type":"Points"},"properties":{"title":"Assassin","size":100,"icon":"marker-15","place":"La Source","style":"Live","detailedStyle":"","time":1808344800000,"time_string":"undefined","description":"https://lasource-fontaine.fr/event/assassin/"}},{"type":"Feature","id":745510637551,"geometry":{"type":"Points"},"properties":{"title":"Grand Bazar Musical #4","size":100,"icon":"marker-15","place":"La Cordo","style":"Live","detailedStyle":"","time":1789768800000,"time_string":"undefined","description":"https://www.lacordo.com/agenda/grand-bazar-musical-4"}},{"type":"Feature","id":1218989288369,"geometry":{"type":"Points"},"properties":{"title":"Radio Tutti XXL","size":100,"icon":"marker-15","place":"La Cordo","style":"Live","detailedStyle":"","time":1790200800000,"time_string":"undefined","description":"https://www.lacordo.com/agenda/radio-tutti-xxl"}},{"type":"Feature","id":161502025728,"geometry":{"type":"Points"},"properties":{"title":"Les studios fêtent les 20 ans !","size":100,"icon":"marker-15","place":"La Cordo","style":"Live","detailedStyle":"","time":1790373600000,"time_string":"undefined","description":"https://www.lacordo.com/agenda/les-studios-fetent-les-20-ans"}},{"type":"Feature","id":309379947530,"geometry":{"type":"Points"},"properties":{"title":"Café des artistes","size":100,"icon":"marker-15","place":"La Cordo","style":"Live","detailedStyle":"","time":1790719200000,"time_string":"undefined","description":"https://www.lacordo.com/agenda/cafe-des-artistes"}},{"type":"Feature","id":1533479397554,"geometry":{"type":"Points"},"properties":{"title":"Lou des bois","size":100,"icon":"marker-15","place":"La Cordo","style":"Live","detailedStyle":"","time":1790805600000,"time_string":"undefined","description":"https://www.lacordo.com/agenda/lou-des-bois"}},{"type":"Feature","id":733391548036,"geometry":{"type":"Points"},"properties":{"title":"C'est quoi l'indé ?","size":100,"icon":"marker-15","place":"La Cordo","style":"Live","detailedStyle":"","time":1790892000000,"time_string":"undefined","description":"https://www.lacordo.com/agenda/c-est-quoi-l-inde"}},{"type":"Feature","id":1242300926777,"geometry":{"type":"Points"},"properties":{"title":"It It Anita","size":100,"icon":"marker-15","place":"La Cordo","style":"Live","detailedStyle":"","time":1790892000000,"time_string":"undefined","description":"https://www.lacordo.com/agenda/it-it-anita"}},{"type":"Feature","id":59588442561,"geometry":{"type":"Points"},"properties":{"title":"Prise de son : techniques et mise en pratique","size":100,"icon":"marker-15","place":"La Cordo","style":"Live","detailedStyle":"","time":1791410400000,"time_string":"undefined","description":"https://www.lacordo.com/agenda/prise-de-son-techniques-et-mise-en-pratique"}},{"type":"Feature","id":509120875338,"geometry":{"type":"Points"},"properties":{"title":"KOSH","size":100,"icon":"marker-15","place":"La Cordo","style":"Live","detailedStyle":"","time":1791410400000,"time_string":"undefined","description":"https://www.lacordo.com/agenda/kosh"}},{"type":"Feature","id":21809756658,"geometry":{"type":"Points"},"properties":{"title":"BOLD feat. Youthstar","size":100,"icon":"marker-15","place":"La Cordo","style":"Live","detailedStyle":"","time":1791496800000,"time_string":"undefined","description":"https://www.lacordo.com/agenda/bold-feat-youthstar"}},{"type":"Feature","id":68751687376,"geometry":{"type":"Points"},"properties":{"title":"Rencontre SACEM","size":100,"icon":"marker-15","place":"La Cordo","style":"Live","detailedStyle":"","time":1791928800000,"time_string":"undefined","description":"https://www.lacordo.com/agenda/rencontre-sacem"}},{"type":"Feature","id":89878178331,"geometry":{"type":"Points"},"properties":{"title":"Zentone","size":100,"icon":"marker-15","place":"La Cordo","style":"Live","detailedStyle":"","time":1792015200000,"time_string":"undefined","description":"https://www.lacordo.com/agenda/zentone"}},{"type":"Feature","id":1290960268652,"geometry":{"type":"Points"},"properties":{"title":"Initiation DJing","size":100,"icon":"marker-15","place":"La Cordo","style":"Live","detailedStyle":"","time":1793228400000,"time_string":"undefined","description":"https://www.lacordo.com/agenda/initiation-djing"}},{"type":"Feature","id":501821500555,"geometry":{"type":"Points"},"properties":{"title":"Karaoké","size":100,"icon":"marker-15","place":"La Cordo","style":"Live","detailedStyle":"","time":1793228400000,"time_string":"undefined","description":"https://www.lacordo.com/agenda/karaoke-3"}},{"type":"Feature","id":1295939091256,"geometry":{"type":"Points"},"properties":{"title":"Nous étions une armée","size":100,"icon":"marker-15","place":"La Cordo","style":"Live","detailedStyle":"","time":1793314800000,"time_string":"undefined","description":"https://www.lacordo.com/agenda/nous-etions-une-armee"}},{"type":"Feature","id":1008767816283,"geometry":{"type":"Points"},"properties":{"title":"Daysy + Cobalt","size":100,"icon":"marker-15","place":"La Cordo","style":"Live","detailedStyle":"","time":1793833200000,"time_string":"undefined","description":"https://www.lacordo.com/agenda/daysy-cobalt"}},{"type":"Feature","id":314260018547,"geometry":{"type":"Points"},"properties":{"title":"Ignite","size":100,"icon":"marker-15","place":"La Cordo","style":"Live","detailedStyle":"","time":1794006000000,"time_string":"undefined","description":"https://www.lacordo.com/agenda/ignite"}},{"type":"Feature","id":1374460333093,"geometry":{"type":"Points"},"properties":{"title":"Chut, Oscar !","size":100,"icon":"marker-15","place":"La Cordo","style":"Live","detailedStyle":"","time":1794265200000,"time_string":"undefined","description":"https://www.lacordo.com/agenda/chut-oscar"}},{"type":"Feature","id":1756961408358,"geometry":{"type":"Points"},"properties":{"title":"Tiny REC","size":100,"icon":"marker-15","place":"La Cordo","style":"Live","detailedStyle":"","time":1794438000000,"time_string":"undefined","description":"https://www.lacordo.com/agenda/tiny-rec"}},{"type":"Feature","id":904482199534,"geometry":{"type":"Points"},"properties":{"title":"Tiny REC","size":100,"icon":"marker-15","place":"La Cordo","style":"Live","detailedStyle":"","time":1794610800000,"time_string":"undefined","description":"https://www.lacordo.com/agenda/tiny-rec"}},{"type":"Feature","id":513791998374,"geometry":{"type":"Points"},"properties":{"title":"Yann Ponthus + Romain O.","size":100,"icon":"marker-15","place":"La Cordo","style":"Live","detailedStyle":"","time":1795042800000,"time_string":"undefined","description":"https://www.lacordo.com/agenda/yann-ponthus-romain-o"}},{"type":"Feature","id":1479007269889,"geometry":{"type":"Points"},"properties":{"title":"Ukandanz","size":100,"icon":"marker-15","place":"La Cordo","style":"Live","detailedStyle":"","time":1795129200000,"time_string":"undefined","description":"https://www.lacordo.com/agenda/ukandanz"}},{"type":"Feature","id":1178456499674,"geometry":{"type":"Points"},"properties":{"title":"Initiation DJing","size":100,"icon":"marker-15","place":"La Cordo","style":"Live","detailedStyle":"","time":1795647600000,"time_string":"undefined","description":"https://www.lacordo.com/agenda/initiation-djing-2"}},{"type":"Feature","id":1065525820528,"geometry":{"type":"Points"},"properties":{"title":"Cordo Dance Club","size":100,"icon":"marker-15","place":"La Cordo","style":"Live","detailedStyle":"","time":1795734000000,"time_string":"undefined","description":"https://www.lacordo.com/agenda/cordo-dance-club"}},{"type":"Feature","id":893481961899,"geometry":{"type":"Points"},"properties":{"title":"Les secrets de votre guitare","size":100,"icon":"marker-15","place":"La Cordo","style":"Live","detailedStyle":"","time":1796770800000,"time_string":"undefined","description":"https://www.lacordo.com/agenda/les-secrets-de-votre-guitare"}},{"type":"Feature","id":929477281100,"geometry":{"type":"Points"},"properties":{"title":"jam électro","size":100,"icon":"marker-15","place":"La Cordo","style":"Live","detailedStyle":"","time":1796857200000,"time_string":"undefined","description":"https://www.lacordo.com/agenda/jam-electro-2"}},{"type":"Feature","id":843340071985,"geometry":{"type":"Points"},"properties":{"title":"daoud","size":100,"icon":"marker-15","place":"La Cordo","style":"Live","detailedStyle":"","time":1796943600000,"time_string":"undefined","description":"https://www.lacordo.com/agenda/daoud"}},{"type":"Feature","id":1638016109412,"geometry":{"type":"Points"},"properties":{"title":"Chorale participative","size":100,"icon":"marker-15","place":"La Cordo","style":"Live","detailedStyle":"","time":1797462000000,"time_string":"undefined","description":"https://www.lacordo.com/agenda/chorale-participative"}},{"type":"Feature","id":1705465016,"geometry":{"type":"Points"},"properties":{"title":"Trouver sa place dans les musiques actuelles","size":100,"icon":"marker-15","place":"La Cordo","style":"Live","detailedStyle":"","time":1799881200000,"time_string":"undefined","description":"https://www.lacordo.com/agenda/trouver-sa-place-dans-les-musiques-actuelles"}},{"type":"Feature","id":670792041479,"geometry":{"type":"Points"},"properties":{"title":"Vide dressing","size":100,"icon":"marker-15","place":"La Cordo","style":"Live","detailedStyle":"","time":1800054000000,"time_string":"undefined","description":"https://www.lacordo.com/agenda/vide-dressing-2"}},{"type":"Feature","id":1502709934981,"geometry":{"type":"Points"},"properties":{"title":"After Summers","size":100,"icon":"marker-15","place":"La Cordo","style":"Live","detailedStyle":"","time":1800486000000,"time_string":"undefined","description":"https://www.lacordo.com/agenda/after-summers"}},{"type":"Feature","id":1493425308593,"geometry":{"type":"Points"},"properties":{"title":"BPM","size":100,"icon":"marker-15","place":"La Cordo","style":"Live","detailedStyle":"","time":1806962400000,"time_string":"undefined","description":"https://www.lacordo.com/agenda/bpm"}},{"type":"Feature","id":830699520269,"geometry":{"type":"Points"},"properties":{"title":"Ultra Vomit","size":100,"icon":"marker-15","place":"La Cordo","style":"Live","detailedStyle":"","time":1808517600000,"time_string":"undefined","description":"https://www.lacordo.com/agenda/ultra-vomit"}},{"type":"Feature","id":1127912959969,"geometry":{"type":"Points"},"properties":{"title":"Direction Les Dom-Tom #1","size":100,"icon":"marker-15","place":"Shotgun_saint-etienne","style":"Live","detailedStyle":"","time":1786820400000,"time_string":"undefined","description":"https://shotgun.live/fr/events/direction-les-dom-tom-1"}},{"type":"Feature","id":1215906945714,"geometry":{"type":"Points"},"properties":{"title":"Sonatopia","size":100,"icon":"marker-15","place":"Shotgun_saint-etienne","style":"Live","detailedStyle":"","time":1787414400000,"time_string":"undefined","description":"https://shotgun.live/fr/festivals/sonatopia"}},{"type":"Feature","id":837283587751,"geometry":{"type":"Points"},"properties":{"title":"Sound Junction #2 @Le Clapier","size":100,"icon":"marker-15","place":"Shotgun_saint-etienne","style":"Live","detailedStyle":"","time":1789844400000,"time_string":"undefined","description":"https://shotgun.live/fr/events/sound-junction-2-le-clapier"}},{"type":"Feature","id":1181706683285,"geometry":{"type":"Points"},"properties":{"title":"Tif À Saint-Etienne","size":100,"icon":"marker-15","place":"Shotgun_saint-etienne","style":"Live","detailedStyle":"","time":1792780200000,"time_string":"undefined","description":"https://shotgun.live/fr/web/events/tif-a-saint-etienne"}},{"type":"Feature","id":709685132367,"geometry":{"type":"Points"},"properties":{"title":"Tif - Saint-Étienne","size":100,"icon":"marker-15","place":"Shotgun_saint-etienne","style":"Live","detailedStyle":"","time":1792780200000,"time_string":"undefined","description":"https://shotgun.live/fr/events/tif-saint-etienne"}},{"type":"Feature","id":409626064073,"geometry":{"type":"Points"},"properties":{"title":"Krav Boca - Saint-Etienne","size":100,"icon":"marker-15","place":"Shotgun_saint-etienne","style":"Live","detailedStyle":"","time":1796324400000,"time_string":"undefined","description":"https://shotgun.live/fr/events/krav-boca-saint-etienne"}},{"type":"Feature","id":965701728175,"geometry":{"type":"Points"},"properties":{"title":"Nico & Co | Rockypop Grenoble","size":100,"icon":"marker-15","place":"Shotgun_grenoble","style":"Live","detailedStyle":"","time":1786636800000,"time_string":"undefined","description":"https://shotgun.live/fr/events/mazi-missouk-rocky-pop-grenoble-3"}},{"type":"Feature","id":394447735416,"geometry":{"type":"Points"},"properties":{"title":"Concert À Grenoble : Ravel, Debussy, Vivaldi, Cantemir","size":100,"icon":"marker-15","place":"Shotgun_grenoble","style":"Classical","detailedStyle":"Classical","time":1786644000000,"time_string":"undefined","description":"https://shotgun.live/fr/events/concert-a-grenoble-ravel-debussy-vivaldi-cantemir"}},{"type":"Feature","id":905342641908,"geometry":{"type":"Points"},"properties":{"title":"Open Air - Aperomix - Ps1 : Frequency","size":100,"icon":"marker-15","place":"Shotgun_grenoble","style":"Electro","detailedStyle":"Psytrance","time":1786802400000,"time_string":"undefined","description":"https://shotgun.live/fr/events/aperomix-ps-1-frequency"}},{"type":"Feature","id":206104353781,"geometry":{"type":"Points"},"properties":{"title":"El Baboon | Rockypop Grenoble","size":100,"icon":"marker-15","place":"Shotgun_grenoble","style":"Blues","detailedStyle":"Blues","time":1787241600000,"time_string":"undefined","description":"https://shotgun.live/fr/events/mazi-missouk-rocky-pop-grenoble-4"}},{"type":"Feature","id":144785781316,"geometry":{"type":"Points"},"properties":{"title":"Peak'in Band | Rockypop Grenoble","size":100,"icon":"marker-15","place":"Shotgun_grenoble","style":"Live","detailedStyle":"","time":1787846400000,"time_string":"undefined","description":"https://shotgun.live/fr/events/mazi-missouk-rocky-pop-grenoble-5"}},{"type":"Feature","id":530949297226,"geometry":{"type":"Points"},"properties":{"title":"Radis Boum 100% Live - Doux George & Foolz Eclypz","size":100,"icon":"marker-15","place":"Shotgun_grenoble","style":"Alternative","detailedStyle":"Alternative","time":1787855400000,"time_string":"undefined","description":"https://shotgun.live/fr/events/radis-boum-100-live-doux-george-foolz-eclypz"}},{"type":"Feature","id":432877188695,"geometry":{"type":"Points"},"properties":{"title":"Yayoo #4 — One World 🌍 — Rooftop Edition","size":100,"icon":"marker-15","place":"Shotgun_grenoble","style":"Afro","detailedStyle":"Afro","time":1788019200000,"time_string":"undefined","description":"https://shotgun.live/fr/events/yayoo-4-one-world-rooftop-edition"}},{"type":"Feature","id":612224141403,"geometry":{"type":"Points"},"properties":{"title":"Nancy And The Jams Fancys X Monkey Bizness X Garden Of Erden","size":100,"icon":"marker-15","place":"Shotgun_grenoble","style":"Rock","detailedStyle":"Rock","time":1788282000000,"time_string":"undefined","description":"https://shotgun.live/fr/events/nancy-and-the-jams-fancys-x-monkey-bizness-x-garden-of-erden"}},{"type":"Feature","id":1316107195636,"geometry":{"type":"Points"},"properties":{"title":"Rocky Folk Sessions | Rockypop Grenoble","size":100,"icon":"marker-15","place":"Shotgun_grenoble","style":"Live","detailedStyle":"","time":1788282000000,"time_string":"undefined","description":"https://shotgun.live/fr/events/rocky-folk-sessions-avec-lula-maeve-rocky-pop-grenoble-5"}},{"type":"Feature","id":1036654817051,"geometry":{"type":"Points"},"properties":{"title":"Stock | Rockypop Grenoble","size":100,"icon":"marker-15","place":"Shotgun_grenoble","style":"Rock","detailedStyle":"Pop Rock","time":1788451200000,"time_string":"undefined","description":"https://shotgun.live/fr/events/mazi-missouk-rocky-pop-grenoble-6"}},{"type":"Feature","id":1258925674040,"geometry":{"type":"Points"},"properties":{"title":"Allegaeon + Gorod + Abysmal Dawn","size":100,"icon":"marker-15","place":"Shotgun_grenoble","style":"Rock","detailedStyle":"Death Metal","time":1788541200000,"time_string":"undefined","description":"https://shotgun.live/fr/events/allegaeon-gorod-abysmal-dawn"}},{"type":"Feature","id":112673820607,"geometry":{"type":"Points"},"properties":{"title":"Jo Harpo | Rockypop Grenoble","size":100,"icon":"marker-15","place":"Shotgun_grenoble","style":"Blues","detailedStyle":"Blues","time":1789056000000,"time_string":"undefined","description":"https://shotgun.live/fr/events/mazi-missouk-rocky-pop-grenoble-7"}},{"type":"Feature","id":495148421116,"geometry":{"type":"Points"},"properties":{"title":"Skate Punk Party","size":100,"icon":"marker-15","place":"Shotgun_grenoble","style":"Live","detailedStyle":"","time":1789146000000,"time_string":"undefined","description":"https://shotgun.live/fr/events/skate-punk-party"}},{"type":"Feature","id":1629901148177,"geometry":{"type":"Points"},"properties":{"title":"Duo Mango | Rockypop Grenoble","size":100,"icon":"marker-15","place":"Shotgun_grenoble","style":"Rock","detailedStyle":"Pop","time":1789660800000,"time_string":"undefined","description":"https://shotgun.live/fr/events/mazi-missouk-rocky-pop-grenoble-8"}},{"type":"Feature","id":1481789281222,"geometry":{"type":"Points"},"properties":{"title":"Viewing Party Ep.06 - Drag Race France - Drag Show …","size":100,"icon":"marker-15","place":"Shotgun-marseille","style":"Live","detailedStyle":"","time":1786636800000,"time_string":"undefined","description":"https://shotgun.live/fr/events/drag-race-france-viewing-party-du-boum-episode-6"}},{"type":"Feature","id":830593422808,"geometry":{"type":"Points"},"properties":{"title":"Viewing Party Drag Race France Saison 4 Épisode 6","size":100,"icon":"marker-15","place":"Shotgun-marseille","style":"Live","detailedStyle":"","time":1786644000000,"time_string":"undefined","description":"https://shotgun.live/fr/events/viewing-party-drag-race-france-saison-4-episode-6"}},{"type":"Feature","id":746586054753,"geometry":{"type":"Points"},"properties":{"title":"Yummy - Ladies Night","size":100,"icon":"marker-15","place":"Shotgun-marseille","style":"Live","detailedStyle":"","time":1786651200000,"time_string":"undefined","description":"https://shotgun.live/fr/events/yummyladiesnight-3"}},{"type":"Feature","id":620076573773,"geometry":{"type":"Points"},"properties":{"title":"Pink Beach Au Big Ben Cassis/ 13.08","size":100,"icon":"marker-15","place":"Shotgun-marseille","style":"Live","detailedStyle":"","time":1786658340000,"time_string":"undefined","description":"https://shotgun.live/fr/events/pink-beach-au-big-ben-cassis-31-8"}},{"type":"Feature","id":879579592029,"geometry":{"type":"Points"},"properties":{"title":"13/08 | Sky Rooftop","size":100,"icon":"marker-15","place":"Shotgun-marseille","style":"Rap","detailedStyle":"Baile Funk Hip Hop Bouyon + 3","time":1786640400000,"time_string":"undefined","description":"https://shotgun.live/fr/events/13-08-sky-rooftop"}},{"type":"Feature","id":956344481026,"geometry":{"type":"Points"},"properties":{"title":"R2 I Le Rooftop X Los Bandidos 13.08","size":100,"icon":"marker-15","place":"Shotgun-marseille","style":"Latin","detailedStyle":"Latin","time":1786640400000,"time_string":"undefined","description":"https://shotgun.live/fr/events/r-2-i-le-rooftop-x-los-bandidos-13-08"}},{"type":"Feature","id":1775602505155,"geometry":{"type":"Points"},"properties":{"title":"Marzac / Rowing Club","size":100,"icon":"marker-15","place":"Shotgun-marseille","style":"Electro","detailedStyle":"Indie Dance Tech House House","time":1786640400000,"time_string":"undefined","description":"https://shotgun.live/fr/events/marzac-rowing-club"}},{"type":"Feature","id":448757400617,"geometry":{"type":"Points"},"properties":{"title":"Les Jeudis Du Limone 13/08 Andyman 19h - 03h X Rap …","size":100,"icon":"marker-15","place":"Shotgun-marseille","style":"Live","detailedStyle":"","time":1786640400000,"time_string":"undefined","description":"https://shotgun.live/fr/events/les-jeudis-du-limone-9-juillet-19-h-03-h-x-rap-hip-pop-3"}},{"type":"Feature","id":697416428654,"geometry":{"type":"Points"},"properties":{"title":"Mamour X Rooftop Borely","size":100,"icon":"marker-15","place":"Shotgun-marseille","style":"Electro","detailedStyle":"Afro House House Club","time":1786644000000,"time_string":"undefined","description":"https://shotgun.live/fr/events/mamour-x-rooftop-borely"}},{"type":"Feature","id":365194831760,"geometry":{"type":"Points"},"properties":{"title":"Twerkistan @ Absolem","size":100,"icon":"marker-15","place":"Shotgun-marseille","style":"Electro","detailedStyle":"Raï Rap Club + 2","time":1786651200000,"time_string":"undefined","description":"https://shotgun.live/fr/events/twerkistan-a-absolem"}},{"type":"Feature","id":267296270845,"geometry":{"type":"Points"},"properties":{"title":"Soirée Cupidon","size":100,"icon":"marker-15","place":"Shotgun-marseille","style":"World","detailedStyle":"Shatta","time":1786654800000,"time_string":"undefined","description":"https://shotgun.live/fr/events/soiree-cupidon"}},{"type":"Feature","id":1009966098558,"geometry":{"type":"Points"},"properties":{"title":"Groove Or Nothing : Vassalo + Flo Masset","size":100,"icon":"marker-15","place":"Shotgun-marseille","style":"Electro","detailedStyle":"House Tech House Melodic House & Techno","time":1786658340000,"time_string":"undefined","description":"https://shotgun.live/fr/events/groove-or-dnothing-vassalo-flo-masset"}},{"type":"Feature","id":824976648218,"geometry":{"type":"Points"},"properties":{"title":"Le Contre-chant des Sirènes","size":100,"icon":"marker-15","place":"Centre culturel L'Ilyade","style":"Live","detailedStyle":"","time":1790875800000,"time_string":"undefined","description":"https://www.lilyade.fr/evenements/le-contrechant-des-sirenes/"}},{"type":"Feature","id":484255469940,"geometry":{"type":"Points"},"properties":{"title":"Loops","size":100,"icon":"marker-15","place":"Centre culturel L'Ilyade","style":"Live","detailedStyle":"","time":1791394200000,"time_string":"undefined","description":"https://www.lilyade.fr/evenements/loops/"}},{"type":"Feature","id":310782278865,"geometry":{"type":"Points"},"properties":{"title":"Lofofora","size":100,"icon":"marker-15","place":"Centre culturel L'Ilyade","style":"Live","detailedStyle":"","time":1791484200000,"time_string":"undefined","description":"https://www.lilyade.fr/evenements/lofofora/"}},{"type":"Feature","id":1606122684263,"geometry":{"type":"Points"},"properties":{"title":"Chloé Birds","size":100,"icon":"marker-15","place":"Centre culturel L'Ilyade","style":"Live","detailedStyle":"","time":1791480600000,"time_string":"undefined","description":"https://www.lilyade.fr/evenements/chloe-birds/"}},{"type":"Feature","id":446798540136,"geometry":{"type":"Points"},"properties":{"title":"Luna Llena","size":100,"icon":"marker-15","place":"Centre culturel L'Ilyade","style":"Live","detailedStyle":"","time":1791999000000,"time_string":"undefined","description":"https://www.lilyade.fr/evenements/luna-llena/"}},{"type":"Feature","id":868424043324,"geometry":{"type":"Points"},"properties":{"title":"Linh","size":100,"icon":"marker-15","place":"L'Olympia","style":"Live","detailedStyle":"","time":1791064800000,"time_string":"undefined","description":"https://www.olympiahall.com/agenda/linh/"}},{"type":"Feature","id":741694272425,"geometry":{"type":"Points"},"properties":{"title":"BAKIAN CHANTE AZNAVOUR","size":100,"icon":"marker-15","place":"L'Olympia","style":"Live","detailedStyle":"","time":1791151200000,"time_string":"undefined","description":"https://www.olympiahall.com/agenda/bakian/"}},{"type":"Feature","id":1284251990789,"geometry":{"type":"Points"},"properties":{"title":"Les Wriggles","size":100,"icon":"marker-15","place":"L'Olympia","style":"Live","detailedStyle":"","time":1791583200000,"time_string":"undefined","description":"https://www.olympiahall.com/agenda/les-wriggles/"}},{"type":"Feature","id":222346223928,"geometry":{"type":"Points"},"properties":{"title":"Léman","size":100,"icon":"marker-15","place":"L'Olympia","style":"Live","detailedStyle":"","time":1792447200000,"time_string":"undefined","description":"https://www.olympiahall.com/agenda/leman/"}},{"type":"Feature","id":1111653496920,"geometry":{"type":"Points"},"properties":{"title":"Félix Radu","size":100,"icon":"marker-15","place":"L'Olympia","style":"Live","detailedStyle":"","time":1793746800000,"time_string":"undefined","description":"https://www.olympiahall.com/agenda/felix-radu/"}},{"type":"Feature","id":663311659749,"geometry":{"type":"Points"},"properties":{"title":"Julien Lieb","size":100,"icon":"marker-15","place":"L'Olympia","style":"Live","detailedStyle":"","time":1795993200000,"time_string":"undefined","description":"https://www.olympiahall.com/agenda/julien-lieb/"}},{"type":"Feature","id":130998560300,"geometry":{"type":"Points"},"properties":{"title":"Marguerite","size":100,"icon":"marker-15","place":"L'Olympia","style":"Live","detailedStyle":"","time":1796338800000,"time_string":"undefined","description":"https://www.olympiahall.com/agenda/marguerite/"}},{"type":"Feature","id":113066225313,"geometry":{"type":"Points"},"properties":{"title":"Marguerite","size":100,"icon":"marker-15","place":"L'Olympia","style":"Live","detailedStyle":"","time":1796425200000,"time_string":"undefined","description":"https://www.olympiahall.com/agenda/marguerite/"}},{"type":"Feature","id":1750516694412,"geometry":{"type":"Points"},"properties":{"title":"Brel ! Le spectacle","size":100,"icon":"marker-15","place":"L'Olympia","style":"Live","detailedStyle":"","time":1796511600000,"time_string":"undefined","description":"https://www.olympiahall.com/agenda/brel-le-spectacle/"}},{"type":"Feature","id":1203114105358,"geometry":{"type":"Points"},"properties":{"title":"Vincent Delerm","size":100,"icon":"marker-15","place":"L'Olympia","style":"Live","detailedStyle":"","time":1796598000000,"time_string":"undefined","description":"https://www.olympiahall.com/agenda/vincent-delerm/"}},{"type":"Feature","id":88659428222,"geometry":{"type":"Points"},"properties":{"title":"Pierre de Maere","size":100,"icon":"marker-15","place":"L'Olympia","style":"Live","detailedStyle":"","time":1796684400000,"time_string":"undefined","description":"https://www.olympiahall.com/agenda/pierre-de-maere/"}},{"type":"Feature","id":63667150761,"geometry":{"type":"Points"},"properties":{"title":"Pierre de Maere","size":100,"icon":"marker-15","place":"L'Olympia","style":"Live","detailedStyle":"","time":1796770800000,"time_string":"undefined","description":"https://www.olympiahall.com/agenda/pierre-de-maere/"}},{"type":"Feature","id":1258594797446,"geometry":{"type":"Points"},"properties":{"title":"Baby Keem","size":100,"icon":"marker-15","place":"L'Olympia","style":"Live","detailedStyle":"","time":1788386400000,"time_string":"undefined","description":"https://www.olympiahall.com/agenda/baby-keem/"}},{"type":"Feature","id":1005773556745,"geometry":{"type":"Points"},"properties":{"title":"Ronnie Wood and His Band featuring Imelda May","size":100,"icon":"marker-15","place":"L'Olympia","style":"Live","detailedStyle":"","time":1788559200000,"time_string":"undefined","description":"https://www.olympiahall.com/agenda/ronnie-wood/"}},{"type":"Feature","id":1749570958277,"geometry":{"type":"Points"},"properties":{"title":"Jarry","size":100,"icon":"marker-15","place":"L'Olympia","style":"Live","detailedStyle":"","time":1788904800000,"time_string":"undefined","description":"https://www.olympiahall.com/agenda/jarry/"}},{"type":"Feature","id":269971407574,"geometry":{"type":"Points"},"properties":{"title":"Jarry","size":100,"icon":"marker-15","place":"L'Olympia","style":"Live","detailedStyle":"","time":1788991200000,"time_string":"undefined","description":"https://www.olympiahall.com/agenda/jarry/"}},{"type":"Feature","id":204307484310,"geometry":{"type":"Points"},"properties":{"title":"Jarry","size":100,"icon":"marker-15","place":"L'Olympia","style":"Live","detailedStyle":"","time":1789077600000,"time_string":"undefined","description":"https://www.olympiahall.com/agenda/jarry/"}},{"type":"Feature","id":724538502179,"geometry":{"type":"Points"},"properties":{"title":"Carbonne","size":100,"icon":"marker-15","place":"L'Olympia","style":"Live","detailedStyle":"","time":1789164000000,"time_string":"undefined","description":"https://www.olympiahall.com/agenda/carbonne/"}},{"type":"Feature","id":707716483463,"geometry":{"type":"Points"},"properties":{"title":"Charles Brunet","size":100,"icon":"marker-15","place":"L'Olympia","style":"Live","detailedStyle":"","time":1789682400000,"time_string":"undefined","description":"https://www.olympiahall.com/agenda/charles-brunet/"}},{"type":"Feature","id":1423499957240,"geometry":{"type":"Points"},"properties":{"title":"Nono La Grinta","size":100,"icon":"marker-15","place":"L'Olympia","style":"Live","detailedStyle":"","time":1789768800000,"time_string":"undefined","description":"https://www.olympiahall.com/agenda/nono-la-grinta/"}},{"type":"Feature","id":838745633380,"geometry":{"type":"Points"},"properties":{"title":"Angra","size":100,"icon":"marker-15","place":"L'Olympia","style":"Live","detailedStyle":"","time":1790114400000,"time_string":"undefined","description":"https://www.olympiahall.com/agenda/angra/"}},{"type":"Feature","id":1013599217302,"geometry":{"type":"Points"},"properties":{"title":"NIRVANA UK","size":100,"icon":"marker-15","place":"L'Olympia","style":"Live","detailedStyle":"","time":1790287200000,"time_string":"undefined","description":"https://www.olympiahall.com/agenda/nirvana-uk/"}},{"type":"Feature","id":478271844370,"geometry":{"type":"Points"},"properties":{"title":"Cake","size":100,"icon":"marker-15","place":"L'Olympia","style":"Live","detailedStyle":"","time":1790373600000,"time_string":"undefined","description":"https://www.olympiahall.com/agenda/cake/"}},{"type":"Feature","id":1293706843423,"geometry":{"type":"Points"},"properties":{"title":"Titoff","size":100,"icon":"marker-15","place":"L'Olympia","style":"Live","detailedStyle":"","time":1790460000000,"time_string":"undefined","description":"https://www.olympiahall.com/agenda/titoff-2/"}},{"type":"Feature","id":1115896162840,"geometry":{"type":"Points"},"properties":{"title":"STORMY","size":100,"icon":"marker-15","place":"L'Olympia","style":"Live","detailedStyle":"","time":1792188000000,"time_string":"undefined","description":"https://www.olympiahall.com/agenda/stormy/"}},{"type":"Feature","id":793174127507,"geometry":{"type":"Points"},"properties":{"title":"63OG","size":100,"icon":"marker-15","place":"L'Olympia","style":"Live","detailedStyle":"","time":1792969200000,"time_string":"undefined","description":"https://www.olympiahall.com/agenda/63og/"}},{"type":"Feature","id":498960788580,"geometry":{"type":"Points"},"properties":{"title":"SWING","size":100,"icon":"marker-15","place":"L'Olympia","style":"Live","detailedStyle":"","time":1794092400000,"time_string":"undefined","description":"https://www.olympiahall.com/agenda/swing/"}},{"type":"Feature","id":332048097765,"geometry":{"type":"Points"},"properties":{"title":"PHOTON BEN KLOCK","size":100,"icon":"marker-15","place":"FIDUCIAL Astéria","style":"Live","detailedStyle":"","time":1789788600000,"time_string":"undefined","description":"https://www.fiducial-asteria.com/evenements/photon-ben-klock"}},{"type":"Feature","id":1310386333864,"geometry":{"type":"Points"},"properties":{"title":"SO LA LUNE","size":100,"icon":"marker-15","place":"FIDUCIAL Astéria","style":"Live","detailedStyle":"","time":1793296800000,"time_string":"undefined","description":"https://www.fiducial-asteria.com/evenements/so-la-lune"}},{"type":"Feature","id":452725016250,"geometry":{"type":"Points"},"properties":{"title":"FIGHT NIGHT ONE","size":100,"icon":"marker-15","place":"FIDUCIAL Astéria","style":"Live","detailedStyle":"","time":1794589200000,"time_string":"undefined","description":"https://www.fiducial-asteria.com/evenements/fight-night-one"}},{"type":"Feature","id":539663193760,"geometry":{"type":"Points"},"properties":{"title":"HIBA TAWAJI INVITE IBRAHIM MAALOUF","size":100,"icon":"marker-15","place":"FIDUCIAL Astéria","style":"Live","detailedStyle":"","time":1795201200000,"time_string":"undefined","description":"https://www.fiducial-asteria.com/evenements/hiba-tawaji-invite-ibrahim-maalouf"}},{"type":"Feature","id":622794516557,"geometry":{"type":"Points"},"properties":{"title":"JIMMY SAX","size":100,"icon":"marker-15","place":"FIDUCIAL Astéria","style":"Live","detailedStyle":"","time":1805396400000,"time_string":"undefined","description":"https://www.fiducial-asteria.com/evenements/jimmy-sax"}},{"type":"Feature","id":1279288452214,"geometry":{"type":"Points"},"properties":{"title":"INFERNO - La dernière nuit du Disco","size":100,"icon":"marker-15","place":"FIDUCIAL Astéria","style":"Live","detailedStyle":"","time":1808503200000,"time_string":"undefined","description":"https://www.fiducial-asteria.com/evenements/inferno-la-derniere-nuit-du-disco"}},{"type":"Feature","id":1487575016427,"geometry":{"type":"Points"},"properties":{"title":"RUMOURS OF FLEETWOOD MAC","size":100,"icon":"marker-15","place":"FIDUCIAL Astéria","style":"Live","detailedStyle":"","time":1809453600000,"time_string":"undefined","description":"https://www.fiducial-asteria.com/evenements/rumours-of-fleetwood-mac"}},{"type":"Feature","id":181218193702,"geometry":{"type":"Points"},"properties":{"title":"SEBASTIANO","size":100,"icon":"marker-15","place":"FIDUCIAL Astéria","style":"Live","detailedStyle":"","time":1821895200000,"time_string":"undefined","description":"https://www.fiducial-asteria.com/evenements/sebastiano"}},{"type":"Feature","id":null,"geometry":{"type":"Points"},"properties":{"size":null,"icon":"marker-15","place":"","time":null}},{"type":"Feature","id":445142286310,"geometry":{"type":"Points"},"properties":{"title":"Hideout Open Mic","size":100,"icon":"marker-15","place":"The Hideout Cafe Gastro Bar","style":"Rock","detailedStyle":"RockR","time":1776931227000,"description":"https://www.facebook.com/TheHideoutCafeGastroBar"}},{"type":"Feature","id":1543373494870,"geometry":{"type":"Points"},"properties":{"title":"Hideout Open Mic","size":100,"icon":"marker-15","place":"The Hideout Cafe Gastro Bar","style":"Rock","detailedStyle":"RockR","time":1777536027000,"description":"https://www.facebook.com/TheHideoutCafeGastroBar"}},{"type":"Feature","id":704308412073,"geometry":{"type":"Points"},"properties":{"title":"Jambox Open Mic","size":100,"icon":"marker-15","place":"JamBox","style":"Rock","detailedStyle":"RockR","time":1777035627000,"description":"https://www.facebook.com/events/847479444790995/847479448124328/"}},{"type":"Feature","id":1207011861061,"geometry":{"type":"Points"},"properties":{"title":"KURROCK","size":100,"icon":"marker-15","place":"Polygon Musik","style":"Rock","detailedStyle":"Rock","time":1777122027000,"description":"https://www.facebook.com/KURROCKOfficial"}},{"type":"Feature","id":47192178937,"geometry":{"type":"Points"},"properties":{"title":"Ca Đêm","size":100,"icon":"marker-15","place":"Factory 47 hanoi","style":"Jazz","detailedStyle":"Jazz","time":1777122027000,"description":""}},{"type":"Feature","id":1264796961,"geometry":{"type":"Points"},"properties":{"title":"Hideout's 7th Anniversary","size":100,"icon":"marker-15","place":"The Hideout Cafe Gastro Bar","style":"Rock","detailedStyle":"Rock","time":1778331627}},{"type":"Feature","id":1075079642,"geometry":{"type":"Points"},"properties":{"title":"Bevvy Bangers #4","size":100,"icon":"marker-15","place":"Bevvy Bar & BBQ","style":"Electro","detailedStyle":"Electro","time":1778936427}}]}